ID,IP,Time,Virus Total Bool,Abuse IPDB Bool,Apility Bool,MyIp Bool,,,,,
1,97.75.162.34,34:18.7,FALSE,TRUE,TRUE,TRUE,,,,,
2,95.87.14.47,35:11.2,FALSE,TRUE,TRUE,FALSE,,,,,
3,95.84.168.111,36:03.9,FALSE,TRUE,TRUE,TRUE,,,,,
4,95.80.254.119,36:56.4,FALSE,TRUE,TRUE,TRUE,,Stats,,,
5,95.79.233.197,37:48.8,FALSE,TRUE,TRUE,FALSE,,Virus Total True:,162,,Limit 4 reqests/min
6,95.222.116.14,38:41.0,FALSE,FALSE,FALSE,FALSE,,Virus Total False:,1182,,
7,95.218.253.122,39:35.0,FALSE,FALSE,FALSE,FALSE,,Virus Total Amount:,1344,,
8,95.215.159.82,40:27.8,FALSE,TRUE,TRUE,TRUE,,,,,
9,95.189.112.214,41:20.3,FALSE,TRUE,TRUE,FALSE,,Abuse IPDB True:,731,,"Limit 10,000/month"
10,95.170.202.194,42:12.7,FALSE,TRUE,TRUE,FALSE,,Abuse IPDB False:,855,,
11,95.167.123.54,43:05.4,FALSE,TRUE,TRUE,TRUE,,Abuse IPDB Total:,1586,,
12,95.165.182.18,43:58.0,FALSE,TRUE,TRUE,FALSE,,,,,
13,95.156.95.158,44:51.7,FALSE,TRUE,TRUE,FALSE,,Apility True:,400,,Limit 250 request/day
14,95.130.35.88,45:44.2,FALSE,TRUE,TRUE,FALSE,,Apility False:,145,,
15,95.128.142.106,46:36.7,FALSE,TRUE,TRUE,TRUE,,Apility Total:,545,,
16,95.105.252.74,47:29.9,FALSE,TRUE,TRUE,FALSE,,,,,
17,94.69.86.231,48:22.2,FALSE,FALSE,FALSE,FALSE,,My IP True:,24,,Limit 150 requests/month
18,94.52.178.196,49:14.4,FALSE,FALSE,TRUE,FALSE,,My IP False:,124,,
19,94.46.176.210,50:08.5,FALSE,TRUE,TRUE,FALSE,,,,,
20,94.253.8.118,51:02.1,FALSE,TRUE,TRUE,FALSE,,,,,
21,94.244.56.190,51:54.5,TRUE,TRUE,TRUE,FALSE,,,,,
22,94.232.57.231,52:48.3,FALSE,TRUE,TRUE,TRUE,,,,,
23,94.231.182.66,53:40.5,FALSE,TRUE,TRUE,TRUE,,,,,
24,94.23.46.129,54:33.6,FALSE,TRUE,TRUE,FALSE,,,,,
25,94.23.250.16,55:28.3,FALSE,TRUE,TRUE,FALSE,,,,,
26,94.23.156.20,56:20.8,FALSE,TRUE,TRUE,FALSE,,,,,
27,94.181.46.207,57:21.8,FALSE,FALSE,TRUE,TRUE,,,,,
28,94.130.92.60,58:15.1,FALSE,TRUE,TRUE,FALSE,,,,,
29,94.100.61.89,59:07.3,FALSE,FALSE,FALSE,FALSE,,,,,
30,93.61.73.115,59:59.9,FALSE,TRUE,TRUE,FALSE,,,,,
31,93.42.199.78,00:52.4,FALSE,TRUE,TRUE,FALSE,,,,,
32,178.137.87.242,01:47.0,FALSE,FALSE,FALSE,FALSE,,,,,
33,46.148.22.18,02:39.9,FALSE,FALSE,TRUE,FALSE,,,,,
34,201.18.18.173,03:32.1,TRUE,FALSE,FALSE,FALSE,,,,,
35,46.148.18.162,04:24.4,FALSE,FALSE,TRUE,FALSE,,,,,
36,37.187.129.166,05:18.7,TRUE,TRUE,TRUE,TRUE,,,,,
37,91.200.12.91,06:11.6,TRUE,FALSE,TRUE,FALSE,,,,,
38,89.234.157.254,07:04.3,TRUE,TRUE,TRUE,TRUE,,,,,
39,195.154.241.166,07:59.2,FALSE,FALSE,FALSE,FALSE,,,,,
40,176.126.252.12,08:51.4,TRUE,TRUE,TRUE,TRUE,,,,,
41,77.247.181.165,09:44.1,FALSE,TRUE,TRUE,TRUE,,,,,
42,213.251.182.110,10:36.5,FALSE,TRUE,TRUE,FALSE,,,,,
43,176.10.104.240,11:29.1,TRUE,TRUE,TRUE,TRUE,,,,,
44,195.154.250.216,12:21.5,FALSE,FALSE,FALSE,FALSE,,,,,
45,213.251.182.115,13:13.8,TRUE,TRUE,TRUE,FALSE,,,,,
46,195.154.243.31,14:09.1,FALSE,FALSE,FALSE,FALSE,,,,,
47,192.42.116.16,15:01.5,TRUE,TRUE,TRUE,TRUE,,,,,
48,195.154.241.119,15:54.1,FALSE,FALSE,FALSE,FALSE,,,,,
49,195.154.240.176,16:46.4,FALSE,FALSE,FALSE,FALSE,,,,,
50,195.154.251.120,17:38.6,FALSE,FALSE,FALSE,FALSE,,,,,
51,195.154.240.246,18:31.3,FALSE,FALSE,FALSE,FALSE,,,,,
52,120.203.25.58,19:24.0,FALSE,TRUE,TRUE,FALSE,,,,,
53,85.25.103.119,20:18.3,TRUE,FALSE,TRUE,FALSE,,,,,
54,188.138.9.49,21:11.2,TRUE,FALSE,TRUE,FALSE,,,,,
55,58.62.55.130,22:04.1,TRUE,TRUE,TRUE,FALSE,,,,,
56,213.251.182.111,22:56.7,TRUE,TRUE,TRUE,FALSE,,,,,
57,185.129.148.203,23:49.3,TRUE,FALSE,FALSE,FALSE,,,,,
58,213.251.182.114,24:41.5,FALSE,TRUE,TRUE,FALSE,,,,,
59,176.126.252.11,25:33.8,TRUE,TRUE,TRUE,TRUE,,,,,
60,91.207.7.54,26:25.9,FALSE,FALSE,TRUE,FALSE,,,,,
61,5.79.68.161,27:18.5,FALSE,TRUE,TRUE,FALSE,,,,,
62,88.80.196.2,28:11.1,FALSE,FALSE,TRUE,FALSE,,,,,
63,220.174.209.154,29:04.7,FALSE,TRUE,TRUE,FALSE,,,,,
64,46.118.156.191,29:57.2,FALSE,FALSE,FALSE,FALSE,,,,,
65,210.210.178.20,30:50.5,FALSE,FALSE,FALSE,FALSE,,,,,
66,91.208.99.2,31:42.9,FALSE,TRUE,TRUE,FALSE,,,,,
67,60.12.119.200,32:38.3,FALSE,FALSE,FALSE,FALSE,,,,,
68,92.63.87.97,33:30.4,FALSE,FALSE,FALSE,FALSE,,,,,
69,46.165.230.5,34:23.0,FALSE,TRUE,TRUE,TRUE,,,,,
70,37.130.227.133,35:15.1,FALSE,FALSE,TRUE,FALSE,,,,,
71,94.242.246.23,36:07.9,TRUE,FALSE,TRUE,FALSE,,,,,
72,60.166.48.158,37:00.2,FALSE,TRUE,TRUE,FALSE,,,,,
73,89.31.57.5,37:52.8,FALSE,TRUE,TRUE,TRUE,,,,,
74,173.208.177.59,38:54.2,FALSE,FALSE,TRUE,FALSE,,,,,
75,91.109.247.173,39:46.7,FALSE,FALSE,TRUE,FALSE,,,,,
76,77.247.181.162,40:39.1,TRUE,FALSE,TRUE,FALSE,,,,,
77,77.247.181.163,41:31.6,TRUE,TRUE,TRUE,TRUE,,,,,
78,1.234.83.77,42:23.8,FALSE,FALSE,TRUE,FALSE,,,,,
79,61.150.76.201,43:16.4,FALSE,TRUE,TRUE,FALSE,,,,,
80,194.150.168.95,44:08.6,FALSE,FALSE,TRUE,FALSE,,,,,
81,118.144.83.130,45:09.1,FALSE,TRUE,TRUE,FALSE,,,,,
82,61.37.150.6,46:01.6,FALSE,TRUE,TRUE,FALSE,,,,,
83,219.148.39.134,46:54.7,FALSE,TRUE,TRUE,FALSE,,,,,
84,213.251.182.103,47:47.1,TRUE,TRUE,TRUE,FALSE,,,,,
85,114.104.158.172,48:39.6,FALSE,TRUE,TRUE,FALSE,,,,,
86,94.242.246.24,49:32.0,FALSE,FALSE,TRUE,FALSE,,,,,
87,218.107.46.228,50:24.7,FALSE,TRUE,TRUE,FALSE,,,,,
88,188.143.233.136,51:17.3,FALSE,FALSE,TRUE,FALSE,,,,,
89,61.185.139.72,52:11.2,FALSE,TRUE,TRUE,FALSE,,,,,
90,213.251.182.105,53:03.3,FALSE,TRUE,TRUE,TRUE,,,,,
91,80.255.192.237,53:59.1,FALSE,FALSE,FALSE,FALSE,,,,,
92,60.174.192.240,54:55.1,TRUE,TRUE,TRUE,FALSE,,,,,
93,222.92.204.50,55:47.6,FALSE,TRUE,TRUE,FALSE,,,,,
94,213.60.51.127,56:39.7,FALSE,FALSE,FALSE,FALSE,,,,,
95,91.200.12.22,57:32.0,FALSE,FALSE,TRUE,FALSE,,,,,
96,221.130.130.238,58:24.5,FALSE,TRUE,TRUE,FALSE,,,,,
97,207.244.70.35,59:16.6,FALSE,TRUE,TRUE,TRUE,,,,,
98,91.200.12.50,00:12.6,FALSE,FALSE,TRUE,FALSE,,,,,
99,35.0.127.52,01:06.4,TRUE,TRUE,TRUE,TRUE,,,,,
100,213.251.182.107,01:58.7,TRUE,TRUE,TRUE,FALSE,,,,,
101,91.200.12.86,02:51.2,TRUE,FALSE,TRUE,FALSE,,,,,
102,58.213.133.18,03:43.7,FALSE,TRUE,TRUE,FALSE,,,,,
103,176.31.51.199,04:36.1,FALSE,FALSE,TRUE,FALSE,,,,,
104,176.10.104.243,05:29.1,TRUE,FALSE,TRUE,FALSE,,,,,
105,218.29.52.2,06:24.2,FALSE,TRUE,TRUE,FALSE,,,,,
106,91.200.12.65,07:16.5,FALSE,FALSE,TRUE,FALSE,,,,,
107,171.25.193.20,08:09.4,FALSE,TRUE,TRUE,TRUE,,,,,
108,155.133.82.112,09:01.6,FALSE,FALSE,FALSE,FALSE,,,,,
109,83.96.132.85,09:54.0,FALSE,FALSE,FALSE,FALSE,,,,,
110,46.118.155.165,10:46.4,FALSE,TRUE,TRUE,FALSE,,,,,
111,185.92.72.33,11:39.1,FALSE,FALSE,FALSE,FALSE,,,,,
112,183.65.17.118,12:35.0,FALSE,TRUE,TRUE,FALSE,,,,,
113,218.22.187.66,13:28.1,TRUE,TRUE,TRUE,FALSE,,,,,
114,115.238.247.228,14:20.9,FALSE,TRUE,TRUE,FALSE,,,,,
115,222.191.233.238,15:14.4,FALSE,TRUE,TRUE,FALSE,,,,,
116,123.138.78.210,16:08.0,FALSE,TRUE,TRUE,FALSE,,,,,
117,58.214.24.53,17:00.8,FALSE,TRUE,TRUE,FALSE,,,,,
118,223.220.248.78,17:52.9,FALSE,FALSE,FALSE,FALSE,,,,,
119,61.233.18.34,18:49.7,FALSE,TRUE,TRUE,FALSE,,,,,
120,178.217.187.39,19:41.9,TRUE,FALSE,TRUE,FALSE,,,,,
121,61.186.219.33,20:34.6,FALSE,TRUE,FALSE,FALSE,,,,,
122,220.171.28.146,21:27.5,TRUE,FALSE,FALSE,FALSE,,,,,
123,221.4.205.30,22:20.8,FALSE,TRUE,TRUE,FALSE,,,,,
124,222.185.255.227,23:13.9,FALSE,TRUE,TRUE,FALSE,,,,,
125,58.244.173.130,24:08.5,FALSE,TRUE,TRUE,FALSE,,,,,
126,61.158.188.21,25:06.0,FALSE,TRUE,TRUE,FALSE,,,,,
127,222.161.47.82,26:00.9,FALSE,TRUE,TRUE,FALSE,,,,,
128,146.185.223.5,26:53.1,FALSE,FALSE,FALSE,FALSE,,,,,
129,178.137.165.32,27:45.4,FALSE,TRUE,FALSE,FALSE,,,,,
130,117.35.207.102,28:37.9,FALSE,FALSE,FALSE,FALSE,,,,,
131,221.178.192.194,29:30.9,FALSE,TRUE,TRUE,FALSE,,,,,
132,37.115.185.236,30:24.6,FALSE,FALSE,FALSE,FALSE,,,,,
133,222.171.61.97,31:18.8,FALSE,TRUE,TRUE,FALSE,,,,,
134,60.175.71.194,32:11.6,FALSE,TRUE,TRUE,FALSE,,,,,
135,85.10.210.199,33:05.1,FALSE,FALSE,TRUE,FALSE,,,,,
136,58.42.251.184,33:57.7,FALSE,TRUE,TRUE,FALSE,,,,,
137,176.10.99.200,34:51.0,FALSE,TRUE,TRUE,TRUE,,,,,
138,219.142.25.106,35:43.7,FALSE,TRUE,TRUE,FALSE,,,,,
139,112.16.203.48,36:36.7,TRUE,TRUE,TRUE,FALSE,,,,,
140,92.63.87.10,37:33.6,FALSE,FALSE,FALSE,FALSE,,,,,
141,61.153.54.38,38:26.3,FALSE,TRUE,TRUE,FALSE,,,,,
142,108.59.252.133,39:18.4,FALSE,FALSE,TRUE,FALSE,,,,,
143,79.172.193.32,40:11.5,TRUE,FALSE,TRUE,FALSE,,,,,
144,77.109.141.138,41:04.5,FALSE,FALSE,TRUE,FALSE,,,,,
145,61.53.66.4,41:57.0,TRUE,TRUE,TRUE,FALSE,,,,,
146,180.169.58.42,42:49.3,FALSE,TRUE,TRUE,FALSE,,,,,
147,58.210.119.226,43:45.9,FALSE,TRUE,TRUE,FALSE,,,,,
148,220.169.102.6,44:38.6,FALSE,TRUE,TRUE,FALSE,,,,,
149,213.251.182.113,45:31.5,FALSE,TRUE,TRUE,,,,,,
150,220.178.2.114,46:24.2,FALSE,TRUE,TRUE,,,,,,
151,115.84.112.138,47:17.9,FALSE,TRUE,TRUE,,,,,,
152,212.21.66.6,48:10.4,TRUE,TRUE,TRUE,,,,,,
153,60.29.145.218,49:03.1,FALSE,FALSE,FALSE,,,,,,
154,116.249.127.11,49:57.0,FALSE,TRUE,TRUE,,,,,,
155,61.138.246.86,50:49.2,FALSE,FALSE,TRUE,,,,,,
156,61.166.110.62,51:41.3,FALSE,TRUE,FALSE,,,,,,
157,218.201.83.148,52:33.9,TRUE,TRUE,TRUE,,,,,,
158,218.22.180.146,53:27.0,FALSE,TRUE,TRUE,,,,,,
159,221.176.112.45,54:19.8,FALSE,TRUE,TRUE,,,,,,
160,185.65.135.227,55:12.1,FALSE,FALSE,TRUE,,,,,,
161,114.119.10.171,56:07.9,FALSE,TRUE,TRUE,,,,,,
162,121.14.67.3,57:01.8,FALSE,FALSE,FALSE,,,,,,
163,218.22.100.42,57:54.3,FALSE,TRUE,TRUE,,,,,,
164,184.168.112.26,58:46.8,FALSE,FALSE,TRUE,,,,,,
165,195.3.144.84,59:39.2,FALSE,FALSE,FALSE,,,,,,
166,62.141.45.246,00:54.3,FALSE,FALSE,FALSE,,,,,,
167,92.63.91.84,02:03.6,TRUE,FALSE,FALSE,,,,,,
168,188.120.246.106,03:15.6,FALSE,FALSE,TRUE,,,,,,
169,109.163.234.2,04:08.5,TRUE,FALSE,TRUE,,,,,,
170,182.140.131.130,05:01.5,TRUE,TRUE,TRUE,,,,,,
171,37.57.25.225,06:02.3,FALSE,FALSE,FALSE,,,,,,
172,213.251.182.106,06:54.5,TRUE,TRUE,TRUE,,,,,,
173,176.8.89.80,07:46.6,FALSE,FALSE,FALSE,,,,,,
174,60.166.35.162,08:39.4,FALSE,FALSE,FALSE,,,,,,
175,112.24.103.242,09:32.0,FALSE,TRUE,TRUE,,,,,,
176,64.202.240.136,10:25.3,FALSE,FALSE,FALSE,,,,,,
177,61.177.60.140,11:18.4,FALSE,TRUE,TRUE,,,,,,
178,113.204.147.26,12:14.4,FALSE,TRUE,TRUE,,,,,,
179,41.210.223.10,13:06.9,FALSE,TRUE,TRUE,,,,,,
180,109.163.234.4,13:58.9,FALSE,FALSE,TRUE,,,,,,
181,194.90.160.133,14:51.1,FALSE,FALSE,FALSE,,,,,,
182,112.91.59.106,15:44.5,FALSE,TRUE,TRUE,,,,,,
183,178.137.85.67,16:36.8,FALSE,FALSE,FALSE,,,,,,
184,95.241.106.161,17:29.1,FALSE,FALSE,FALSE,,,,,,
185,201.140.110.78,18:25.0,TRUE,TRUE,TRUE,,,,,,
186,120.209.31.231,19:17.4,FALSE,TRUE,TRUE,,,,,,
187,221.176.176.126,20:12.3,FALSE,TRUE,TRUE,,,,,,
188,122.139.5.237,21:05.5,FALSE,TRUE,TRUE,,,,,,
189,210.82.28.41,21:58.8,FALSE,TRUE,TRUE,,,,,,
190,220.225.7.45,22:51.1,FALSE,FALSE,FALSE,,,,,,
191,175.126.62.151,23:43.4,FALSE,FALSE,TRUE,,,,,,
192,185.189.112.165,24:35.8,FALSE,FALSE,FALSE,,,,,,
193,218.64.165.194,25:29.4,FALSE,TRUE,TRUE,,,,,,
194,58.213.46.110,26:22.1,FALSE,TRUE,TRUE,,,,,,
195,218.204.70.20,27:14.6,TRUE,TRUE,TRUE,,,,,,
196,117.28.250.42,28:07.3,FALSE,TRUE,TRUE,,,,,,
197,193.111.136.162,28:59.6,FALSE,FALSE,TRUE,,,,,,
198,218.26.178.146,29:53.9,FALSE,TRUE,TRUE,,,,,,
199,218.26.163.125,30:46.5,FALSE,TRUE,TRUE,,,,,,
200,118.163.135.18,31:39.4,FALSE,TRUE,TRUE,,,,,,
201,185.129.148.205,32:33.2,TRUE,FALSE,FALSE,,,,,,
202,31.210.86.205,33:25.3,FALSE,FALSE,TRUE,,,,,,
203,92.222.113.177,34:17.8,FALSE,FALSE,TRUE,,,,,,
204,218.27.147.130,35:10.2,FALSE,FALSE,FALSE,,,,,,
205,92.222.252.206,36:02.7,FALSE,FALSE,FALSE,,,,,,
206,92.63.87.118,36:55.1,FALSE,FALSE,FALSE,,,,,,
207,211.142.86.210,37:47.8,FALSE,TRUE,TRUE,,,,,,
208,112.26.80.46,38:40.2,FALSE,TRUE,TRUE,,,,,,
209,109.163.234.7,39:32.7,FALSE,FALSE,TRUE,,,,,,
210,134.249.50.185,40:25.1,TRUE,FALSE,FALSE,,,,,,
211,218.87.46.173,41:17.6,FALSE,TRUE,TRUE,,,,,,
212,220.164.193.238,42:10.0,FALSE,TRUE,TRUE,,,,,,
213,146.0.79.23,43:07.0,FALSE,FALSE,TRUE,,,,,,
214,195.154.56.44,43:59.9,FALSE,FALSE,FALSE,,,,,,
215,5.9.36.66,44:53.3,FALSE,FALSE,TRUE,,,,,,
216,184.106.10.128,45:45.9,FALSE,FALSE,TRUE,,,,,,
217,120.209.115.132,46:38.8,FALSE,TRUE,TRUE,,,,,,
218,223.100.152.42,47:31.2,FALSE,TRUE,TRUE,,,,,,
219,61.134.52.164,48:23.4,FALSE,TRUE,TRUE,,,,,,
220,184.168.109.23,49:18.5,FALSE,FALSE,TRUE,,,,,,
221,61.136.104.131,50:11.9,FALSE,TRUE,TRUE,,,,,,
222,61.28.113.58,51:04.7,FALSE,TRUE,TRUE,,,,,,
223,124.193.199.202,51:57.5,FALSE,TRUE,TRUE,,,,,,
224,81.82.223.109,52:49.9,FALSE,TRUE,TRUE,,,,,,
225,190.210.182.93,53:42.4,FALSE,TRUE,TRUE,,,,,,
226,60.166.12.117,54:34.7,FALSE,FALSE,FALSE,,,,,,
227,91.200.12.18,55:32.0,FALSE,FALSE,TRUE,,,,,,
228,111.1.89.230,56:24.6,FALSE,TRUE,TRUE,,,,,,
229,178.137.82.201,57:17.2,FALSE,FALSE,FALSE,,,,,,
230,59.49.176.208,58:09.9,FALSE,TRUE,TRUE,,,,,,
231,189.204.6.157,59:03.8,TRUE,TRUE,TRUE,,,,,,
232,1.255.70.114,59:57.8,TRUE,TRUE,TRUE,,,,,,
233,1.255.70.86,00:50.2,FALSE,TRUE,TRUE,,,,,,
234,1.39.139.21,01:45.5,FALSE,FALSE,FALSE,,,,,,
235,110.17.188.30,02:38.8,TRUE,TRUE,TRUE,,,,,,
236,110.175.16.17,03:31.2,,FALSE,TRUE,,,,,,
237,110.78.146.199,04:27.6,FALSE,FALSE,TRUE,,,,,,
238,110.85.5.135,05:20.5,FALSE,FALSE,FALSE,,,,,,
239,111.113.11.82,06:12.9,FALSE,TRUE,TRUE,,,,,,
240,111.12.150.107,07:09.8,FALSE,TRUE,FALSE,,,,,,
241,111.125.207.161,08:02.7,FALSE,FALSE,FALSE,,,,,,
242,111.199.153.66,08:55.2,,FALSE,FALSE,,,,,,
243,111.231.190.181,09:54.2,FALSE,TRUE,FALSE,,,,,,
244,111.27.56.16,10:47.1,FALSE,FALSE,FALSE,,,,,,
245,111.27.58.142,11:39.6,FALSE,FALSE,FALSE,,,,,,
246,111.27.59.198,12:33.3,FALSE,FALSE,FALSE,,,,,,
247,111.27.59.33,13:25.6,FALSE,FALSE,FALSE,,,,,,
248,111.27.59.85,14:18.1,FALSE,FALSE,FALSE,,,,,,
249,111.38.216.5,15:18.3,FALSE,FALSE,FALSE,,,,,,
250,111.8.150.31,16:10.6,FALSE,TRUE,TRUE,,,,,,
251,111.85.242.210,17:03.3,,FALSE,FALSE,,,,,,
252,112.133.197.18,17:57.8,FALSE,FALSE,TRUE,,,,,,
253,112.215.243.250,18:50.2,FALSE,FALSE,FALSE,,,,,,
254,112.218.211.227,19:43.2,FALSE,TRUE,TRUE,,,,,,
255,112.29.175.223,20:36.0,FALSE,TRUE,TRUE,,,,,,
256,112.91.58.238,21:29.4,FALSE,TRUE,TRUE,,,,,,
257,113.11.13.91,22:22.4,FALSE,FALSE,FALSE,,,,,,
258,113.135.193.217,23:15.1,FALSE,TRUE,TRUE,,,,,,
259,113.160.147.54,24:08.3,FALSE,FALSE,FALSE,,,,,,
260,113.161.148.42,25:00.9,FALSE,FALSE,FALSE,,,,,,
261,113.161.179.200,25:53.6,FALSE,FALSE,FALSE,,,,,,
262,113.161.4.51,26:46.1,TRUE,FALSE,FALSE,,,,,,
263,113.161.46.135,27:38.6,FALSE,TRUE,TRUE,,,,,,
264,113.161.58.148,28:30.8,FALSE,FALSE,FALSE,,,,,,
265,113.161.7.177,29:24.3,FALSE,FALSE,FALSE,,,,,,
266,113.161.70.107,30:17.2,FALSE,FALSE,FALSE,,,,,,
267,113.161.73.34,31:09.9,FALSE,FALSE,FALSE,,,,,,
268,113.162.194.217,32:02.7,FALSE,FALSE,FALSE,,,,,,
269,113.162.5.219,32:55.6,FALSE,FALSE,FALSE,,,,,,
270,113.169.35.182,33:48.3,FALSE,FALSE,FALSE,,,,,,
271,113.169.92.158,34:40.9,FALSE,FALSE,FALSE,,,,,,
272,113.172.2.91,35:33.9,,FALSE,FALSE,,,,,,
273,113.173.31.198,36:27.1,FALSE,FALSE,FALSE,,,,,,
274,113.176.190.158,37:19.7,,FALSE,FALSE,,,,,,
275,113.177.130.64,38:12.7,FALSE,FALSE,FALSE,,,,,,
276,113.177.93.137,39:05.7,FALSE,FALSE,FALSE,,,,,,
277,113.180.14.22,39:58.3,FALSE,FALSE,,,,,,,
278,113.189.97.9,40:50.9,FALSE,FALSE,,,,,,,
279,113.190.232.243,41:43.5,FALSE,FALSE,,,,,,,
280,113.22.121.23,42:37.2,FALSE,FALSE,,,,,,,
281,114.239.109.215,43:29.7,,FALSE,,,,,,,
282,114.79.178.239,44:22.6,FALSE,FALSE,,,,,,,
283,114.99.114.231,45:15.6,,TRUE,,,,,,,
284,115.212.12.159,46:12.9,FALSE,FALSE,,,,,,,
285,115.238.31.114,47:06.3,FALSE,TRUE,,,,,,,
286,115.238.34.226,47:59.3,TRUE,TRUE,,,,,,,
287,115.72.28.248,48:51.9,FALSE,FALSE,,,,,,,
288,116.1.1.165,49:45.2,FALSE,TRUE,,,,,,,
289,116.100.110.7,50:43.7,FALSE,FALSE,,,,,,,
290,116.101.153.96,51:36.5,FALSE,FALSE,,,,,,,
291,116.101.170.90,52:29.3,FALSE,FALSE,,,,,,,
292,116.108.185.203,53:22.2,FALSE,FALSE,,,,,,,
293,116.16.131.231,54:23.3,FALSE,FALSE,,,,,,,
294,116.193.160.195,55:15.9,FALSE,FALSE,,,,,,,
295,116.206.253.2,56:09.5,FALSE,FALSE,,,,,,,
296,116.212.137.235,57:04.8,FALSE,FALSE,,,,,,,
297,116.228.50.194,57:57.7,FALSE,TRUE,,,,,,,
298,116.99.152.43,58:50.5,FALSE,FALSE,,,,,,,
299,117.1.112.26,59:43.9,FALSE,FALSE,,,,,,,
300,117.141.215.16,00:36.7,FALSE,TRUE,,,,,,,
301,117.35.207.100,01:30.0,FALSE,TRUE,,,,,,,
302,117.5.173.73,02:22.8,FALSE,FALSE,,,,,,,
303,118.102.247.34,03:15.4,FALSE,FALSE,,,,,,,
304,118.136.140.60,04:08.6,,FALSE,,,,,,,
305,118.223.102.130,05:01.9,FALSE,FALSE,,,,,,,
306,118.25.0.252,05:54.9,,TRUE,,,,,,,
307,118.68.155.200,06:47.7,FALSE,FALSE,,,,,,,
308,118.68.245.227,07:40.4,FALSE,FALSE,,,,,,,
309,118.69.224.184,08:34.5,FALSE,FALSE,,,,,,,
310,118.69.226.236,09:28.4,FALSE,FALSE,,,,,,,
311,118.70.80.95,10:21.1,FALSE,FALSE,,,,,,,
312,119.145.107.186,11:14.0,FALSE,TRUE,,,,,,,
313,119.146.87.107,12:06.6,FALSE,TRUE,,,,,,,
314,119.153.112.90,12:59.4,FALSE,TRUE,,,,,,,
315,119.50.25.178,13:52.1,FALSE,FALSE,,,,,,,
316,119.6.103.44,14:46.9,TRUE,TRUE,,,,,,,
317,119.79.234.12,15:40.0,FALSE,FALSE,,,,,,,
318,12.5.235.210,16:32.7,FALSE,FALSE,,,,,,,
319,120.188.34.87,17:25.3,FALSE,FALSE,,,,,,,
320,120.194.212.234,18:18.6,FALSE,TRUE,,,,,,,
321,120.56.122.3,19:11.6,FALSE,FALSE,,,,,,,
322,120.63.214.232,20:05.5,,FALSE,,,,,,,
323,120.88.178.142,20:59.9,FALSE,FALSE,,,,,,,
324,121.128.135.73,21:53.2,FALSE,TRUE,,,,,,,
325,121.66.21.187,22:47.2,FALSE,FALSE,,,,,,,
326,122.114.132.27,23:40.0,FALSE,FALSE,,,,,,,
327,122.144.127.23,24:32.6,FALSE,FALSE,,,,,,,
328,122.160.157.33,25:25.7,FALSE,FALSE,,,,,,,
329,122.164.216.252,26:18.6,FALSE,FALSE,,,,,,,
330,122.165.231.205,27:15.3,FALSE,FALSE,,,,,,,
331,122.167.54.231,28:08.7,FALSE,FALSE,,,,,,,
332,122.168.202.88,29:03.9,FALSE,FALSE,,,,,,,
333,122.174.224.197,29:56.6,FALSE,FALSE,,,,,,,
334,122.178.172.132,30:49.7,FALSE,FALSE,,,,,,,
335,122.227.20.90,31:43.6,FALSE,TRUE,,,,,,,
336,122.49.218.130,32:36.5,FALSE,FALSE,,,,,,,
337,123.129.224.153,33:30.9,,FALSE,,,,,,,
338,123.16.141.112,34:24.4,FALSE,FALSE,,,,,,,
339,123.17.67.208,35:17.9,FALSE,FALSE,,,,,,,
340,123.17.85.232,36:11.3,,FALSE,,,,,,,
341,123.20.107.173,37:09.9,,FALSE,,,,,,,
342,123.20.34.70,38:03.1,FALSE,FALSE,,,,,,,
343,123.21.11.84,38:56.0,FALSE,FALSE,,,,,,,
344,123.21.65.53,39:48.6,FALSE,FALSE,,,,,,,
345,123.21.9.69,40:41.5,FALSE,TRUE,,,,,,,
346,124.205.210.226,41:33.9,FALSE,TRUE,,,,,,,
347,124.207.209.114,42:27.3,FALSE,TRUE,,,,,,,
348,124.65.64.174,43:21.1,FALSE,TRUE,,,,,,,
349,124.66.133.106,44:15.4,FALSE,TRUE,,,,,,,
350,124.90.54.141,45:08.1,FALSE,FALSE,,,,,,,
351,125.212.192.201,46:01.4,FALSE,TRUE,,,,,,,
352,125.234.103.35,46:55.3,FALSE,FALSE,,,,,,,
353,125.72.92.174,47:48.8,TRUE,TRUE,,,,,,,
354,125.75.206.244,48:41.5,FALSE,TRUE,,,,,,,
355,125.77.72.197,49:35.2,TRUE,TRUE,,,,,,,
356,128.70.247.236,50:29.1,,FALSE,,,,,,,
357,129.146.125.73,51:22.2,FALSE,TRUE,,,,,,,
358,129.157.129.158,52:15.3,FALSE,TRUE,,,,,,,
359,13.59.0.218,53:16.3,,TRUE,,,,,,,
360,13.59.19.31,54:08.8,,FALSE,,,,,,,
361,131.72.15.13,55:01.6,,TRUE,,,,,,,
362,134.119.179.42,55:54.6,,TRUE,,,,,,,
363,134.119.189.54,56:49.1,FALSE,TRUE,,,,,,,
364,134.119.192.221,57:42.1,FALSE,FALSE,,,,,,,
365,134.249.208.227,58:34.7,FALSE,TRUE,,,,,,,
366,134.249.209.112,59:27.7,FALSE,FALSE,,,,,,,
367,134.249.209.52,00:22.5,FALSE,FALSE,,,,,,,
368,134.249.81.203,01:15.8,,TRUE,,,,,,,
369,138.197.74.107,02:10.0,FALSE,TRUE,,,,,,,
370,138.204.69.38,03:11.9,FALSE,FALSE,,,,,,,
371,138.204.71.212,04:05.5,FALSE,FALSE,,,,,,,
372,139.195.36.126,04:58.6,,FALSE,,,,,,,
373,139.59.157.225,05:51.5,TRUE,TRUE,,,,,,,
374,139.60.162.201,06:44.8,TRUE,FALSE,,,,,,,
375,14.141.255.190,07:37.8,FALSE,FALSE,,,,,,,
376,14.161.2.228,08:30.3,FALSE,FALSE,,,,,,,
377,14.161.32.157,09:22.8,FALSE,FALSE,,,,,,,
378,14.161.45.29,10:15.7,FALSE,FALSE,,,,,,,
379,14.162.144.89,11:09.4,FALSE,TRUE,,,,,,,
380,14.162.149.50,12:02.1,,FALSE,,,,,,,
381,14.162.46.250,12:54.8,FALSE,FALSE,,,,,,,
382,14.169.1.89,13:47.5,FALSE,FALSE,,,,,,,
383,14.172.69.72,14:40.9,,FALSE,,,,,,,
384,14.175.59.178,15:33.8,FALSE,FALSE,,,,,,,
385,14.177.165.142,16:26.9,FALSE,FALSE,,,,,,,
386,14.177.235.133,17:20.3,FALSE,TRUE,,,,,,,
387,14.181.10.114,18:14.1,FALSE,FALSE,,,,,,,
388,14.186.139.27,19:06.9,FALSE,FALSE,,,,,,,
389,14.186.147.142,19:59.9,FALSE,FALSE,,,,,,,
390,14.186.158.82,20:52.6,FALSE,FALSE,,,,,,,
391,14.186.209.36,21:45.6,FALSE,FALSE,,,,,,,
392,14.186.24.245,22:38.7,FALSE,FALSE,,,,,,,
393,14.187.149.45,23:31.5,FALSE,FALSE,,,,,,,
394,14.187.156.165,24:26.9,FALSE,FALSE,,,,,,,
395,14.187.198.222,25:20.0,,FALSE,,,,,,,
396,14.229.109.43,26:14.4,,FALSE,,,,,,,
397,14.230.134.180,27:07.1,FALSE,FALSE,,,,,,,
398,14.230.85.210,28:00.4,,FALSE,,,,,,,
399,14.231.31.104,28:53.7,FALSE,FALSE,,,,,,,
400,14.235.144.63,29:47.0,FALSE,FALSE,,,,,,,
401,14.246.98.196,30:40.4,,FALSE,,,,,,,
402,14.34.148.34,31:33.5,FALSE,TRUE,,,,,,,
403,14.52.216.113,32:26.8,FALSE,FALSE,,,,,,,
404,141.138.177.4,33:20.0,,FALSE,,,,,,,
405,144.76.30.241,34:14.6,FALSE,FALSE,,,,,,,
406,145.255.21.43,35:09.4,FALSE,FALSE,,,,,,,
407,146.0.229.26,36:03.3,FALSE,TRUE,,,,,,,
408,146.0.232.10,36:57.9,FALSE,TRUE,,,,,,,
409,146.185.169.89,37:51.0,FALSE,FALSE,,,,,,,
410,146.185.223.111,38:44.1,FALSE,FALSE,,,,,,,
411,146.185.223.117,39:37.0,FALSE,FALSE,,,,,,,
412,146.185.223.173,40:30.7,FALSE,FALSE,,,,,,,
413,146.185.223.202,41:26.2,FALSE,FALSE,,,,,,,
414,146.88.194.86,42:18.9,FALSE,FALSE,,,,,,,
415,146.88.194.94,43:11.6,FALSE,FALSE,,,,,,,
416,149.154.153.213,44:05.3,FALSE,FALSE,,,,,,,
417,149.202.86.188,44:58.4,FALSE,FALSE,,,,,,,
418,150.129.120.24,45:52.8,FALSE,FALSE,,,,,,,
419,150.164.183.9,46:51.8,FALSE,TRUE,,,,,,,
420,151.0.46.8,47:44.4,FALSE,FALSE,,,,,,,
421,151.236.25.168,48:37.5,FALSE,TRUE,,,,,,,
422,151.80.203.177,49:30.6,FALSE,FALSE,,,,,,,
423,152.168.56.107,50:25.0,FALSE,FALSE,,,,,,,
424,152.249.245.68,51:18.7,FALSE,FALSE,,,,,,,
425,153.37.22.155,52:11.9,FALSE,TRUE,,,,,,,
426,154.185.142.102,53:04.7,,FALSE,,,,,,,
427,155.254.28.156,53:57.7,FALSE,TRUE,,,,,,,
428,158.174.122.218,54:50.9,FALSE,TRUE,,,,,,,
429,158.255.215.15,55:45.4,FALSE,FALSE,,,,,,,
430,158.255.215.187,56:48.0,FALSE,FALSE,,,,,,,
431,158.69.254.103,57:40.7,FALSE,TRUE,,,,,,,
432,159.89.103.7,58:33.6,FALSE,FALSE,,,,,,,
433,162.247.74.74,59:27.0,TRUE,TRUE,,,,,,,
434,163.172.72.40,00:20.4,FALSE,FALSE,,,,,,,
435,167.114.191.237,01:14.2,FALSE,FALSE,,,,,,,
436,167.114.203.163,02:07.8,,TRUE,,,,,,,
437,168.228.136.2,03:01.5,FALSE,FALSE,,,,,,,
438,169.57.142.79,03:56.7,FALSE,FALSE,,,,,,,
439,170.79.33.51,04:49.8,FALSE,TRUE,,,,,,,
440,171.221.226.23,05:43.0,FALSE,TRUE,,,,,,,
441,171.221.255.5,06:43.1,FALSE,TRUE,,,,,,,
442,171.225.126.82,07:36.1,FALSE,FALSE,,,,,,,
443,171.227.198.40,08:28.9,FALSE,FALSE,,,,,,,
444,171.237.255.159,09:21.9,,FALSE,,,,,,,
445,171.241.133.244,10:15.8,,FALSE,,,,,,,
446,171.34.168.247,11:09.5,FALSE,TRUE,,,,,,,
447,171.99.189.118,12:03.7,FALSE,FALSE,,,,,,,
448,175.236.156.204,12:57.3,FALSE,TRUE,,,,,,,
449,176.104.1.10,13:51.4,FALSE,FALSE,,,,,,,
450,176.108.106.5,14:44.6,FALSE,FALSE,,,,,,,
451,176.110.134.2,15:38.6,FALSE,TRUE,,,,,,,
452,176.116.213.235,16:31.8,FALSE,FALSE,,,,,,,
453,176.126.252.11,17:25.4,TRUE,TRUE,,,,,,,
454,176.214.154.26,18:18.8,FALSE,FALSE,,,,,,,
455,176.36.174.240,19:12.7,FALSE,FALSE,,,,,,,
456,176.36.21.189,20:06.7,FALSE,TRUE,,,,,,,
457,176.59.48.169,21:00.3,,FALSE,,,,,,,
458,176.67.199.11,21:53.4,FALSE,FALSE,,,,,,,
459,176.8.88.134,22:46.9,FALSE,FALSE,,,,,,,
460,177.135.101.5,23:39.9,FALSE,TRUE,,,,,,,
461,177.135.103.25,24:34.9,FALSE,TRUE,,,,,,,
462,177.155.82.226,25:29.1,FALSE,FALSE,,,,,,,
463,177.19.165.26,26:23.1,FALSE,TRUE,,,,,,,
464,177.19.181.169,27:16.4,FALSE,TRUE,,,,,,,
465,177.194.74.238,28:11.3,FALSE,FALSE,,,,,,,
466,177.21.126.234,29:10.3,,FALSE,,,,,,,
467,177.228.98.149,30:04.6,FALSE,FALSE,,,,,,,
468,177.41.52.34,30:58.9,FALSE,FALSE,,,,,,,
469,177.43.247.237,31:52.5,FALSE,TRUE,,,,,,,
470,177.66.184.50,32:46.0,FALSE,FALSE,,,,,,,
471,177.85.233.142,33:39.4,FALSE,FALSE,,,,,,,
472,178.122.184.205,34:33.0,,FALSE,,,,,,,
473,178.135.90.30,35:26.1,FALSE,FALSE,,,,,,,
474,178.137.163.136,36:23.9,FALSE,FALSE,,,,,,,
475,178.137.163.175,37:17.4,FALSE,FALSE,,,,,,,
476,178.137.165.1,38:10.7,FALSE,FALSE,,,,,,,
477,178.137.81.208,39:04.1,,FALSE,,,,,,,
478,178.137.81.70,39:57.1,FALSE,FALSE,,,,,,,
479,178.137.84.67,40:51.7,FALSE,FALSE,,,,,,,
480,178.137.88.67,41:44.8,FALSE,FALSE,,,,,,,
481,178.137.90.35,42:38.6,FALSE,FALSE,,,,,,,
482,178.137.92.32,43:31.7,FALSE,FALSE,,,,,,,
483,178.137.94.151,44:24.4,FALSE,FALSE,,,,,,,
484,178.140.240.124,45:17.6,FALSE,FALSE,,,,,,,
485,178.159.37.129,46:10.5,FALSE,FALSE,,,,,,,
486,178.159.37.165,47:03.6,FALSE,FALSE,,,,,,,
487,178.159.37.49,47:57.3,FALSE,FALSE,,,,,,,
488,178.168.99.81,48:51.0,,TRUE,,,,,,,
489,178.172.147.240,49:43.8,FALSE,FALSE,,,,,,,
490,178.172.151.46,50:36.9,FALSE,FALSE,,,,,,,
491,178.186.73.3,51:30.2,FALSE,FALSE,,,,,,,
492,178.213.185.254,52:24.3,,FALSE,,,,,,,
493,178.213.188.239,53:17.3,FALSE,FALSE,,,,,,,
494,178.32.120.124,54:11.9,,FALSE,,,,,,,
495,178.33.86.51,55:07.5,,FALSE,,,,,,,
496,178.80.35.126,56:00.6,FALSE,FALSE,,,,,,,
497,178.89.110.135,56:53.6,FALSE,TRUE,,,,,,,
498,178.91.246.91,57:46.9,,FALSE,,,,,,,
499,178.94.36.210,58:41.5,,FALSE,,,,,,,
500,179.233.119.21,59:34.8,FALSE,FALSE,,,,,,,
501,179.33.201.151,00:28.6,,FALSE,,,,,,,
502,179.43.146.230,01:21.8,TRUE,TRUE,,,,,,,
503,18.191.251.147,02:14.7,,FALSE,,,,,,,
504,18.208.156.23,03:08.4,,FALSE,,,,,,,
505,18.218.239.51,04:01.6,,FALSE,,,,,,,
506,18.219.215.152,04:56.0,,TRUE,,,,,,,
507,18.221.125.106,05:49.4,,FALSE,,,,,,,
508,18.222.217.81,06:45.8,,FALSE,,,,,,,
509,18.236.136.2,07:39.2,,TRUE,,,,,,,
510,18.236.66.100,08:33.1,,FALSE,,,,,,,
511,18.85.22.239,09:27.8,TRUE,TRUE,,,,,,,
512,180.153.236.101,10:29.7,FALSE,FALSE,,,,,,,
513,180.153.236.109,11:22.8,FALSE,FALSE,,,,,,,
514,180.188.225.125,12:16.5,,TRUE,,,,,,,
515,180.251.216.252,13:09.9,,FALSE,,,,,,,
516,181.113.20.186,14:03.4,FALSE,TRUE,,,,,,,
517,181.196.144.170,14:59.1,,FALSE,,,,,,,
518,181.214.37.171,15:52.6,FALSE,FALSE,,,,,,,
519,181.214.37.213,16:45.5,FALSE,FALSE,,,,,,,
520,181.48.99.230,17:39.0,FALSE,TRUE,,,,,,,
521,182.255.1.6,18:32.5,FALSE,FALSE,,,,,,,
522,182.61.30.254,19:31.7,FALSE,FALSE,,,,,,,
523,182.64.53.11,20:25.1,FALSE,FALSE,,,,,,,
524,182.65.239.117,21:18.6,FALSE,FALSE,,,,,,,
525,182.70.33.160,22:11.7,FALSE,FALSE,,,,,,,
526,182.72.147.242,23:05.7,FALSE,FALSE,,,,,,,
527,182.73.221.67,23:59.3,FALSE,FALSE,,,,,,,
528,182.75.33.194,24:52.8,FALSE,TRUE,,,,,,,
529,183.134.3.83,25:46.7,FALSE,TRUE,,,,,,,
530,183.147.6.133,26:40.2,FALSE,TRUE,,,,,,,
531,183.161.35.38,27:33.4,FALSE,TRUE,,,,,,,
532,183.167.205.103,28:27.0,FALSE,TRUE,,,,,,,
533,183.167.238.124,29:20.8,FALSE,TRUE,,,,,,,
534,183.167.250.140,30:50.5,FALSE,TRUE,,,,,,,
535,183.214.89.122,31:46.0,FALSE,TRUE,,,,,,,
536,183.63.38.190,32:39.5,FALSE,TRUE,,,,,,,
537,183.64.166.163,33:33.5,FALSE,TRUE,,,,,,,
538,183.64.247.122,34:30.9,FALSE,TRUE,,,,,,,
539,183.80.185.157,35:23.8,FALSE,FALSE,,,,,,,
540,183.81.15.67,17:59.0,FALSE,FALSE,,,,,,,
541,183.81.158.18,18:52.9,FALSE,FALSE,,,,,,,
542,184.173.153.194,19:47.1,FALSE,TRUE,,,,,,,
543,184.72.201.175,20:41.6,,TRUE,,,,,,,
544,184.75.209.90,21:35.2,FALSE,FALSE,,,,,,,
545,185.101.70.221,22:30.4,FALSE,FALSE,,,,,,,
546,185.104.184.115,23:23.7,FALSE,TRUE,,,,,,,
547,185.104.187.50,24:17.7,,FALSE,,,,,,,
548,185.108.124.26,25:10.6,FALSE,FALSE,,,,,,,
549,185.112.82.103,26:06.1,FALSE,TRUE,,,,,,,
550,185.119.81.11,26:59.7,TRUE,TRUE,,,,,,,
551,185.119.81.50,27:52.9,TRUE,TRUE,,,,,,,
552,185.128.27.115,28:46.3,,TRUE,,,,,,,
553,185.14.193.11,29:39.6,FALSE,FALSE,,,,,,,
554,185.14.193.144,30:34.2,FALSE,TRUE,,,,,,,
555,185.14.193.198,31:27.5,FALSE,FALSE,,,,,,,
556,185.143.223.162,32:20.5,FALSE,FALSE,,,,,,,
557,185.173.204.60,33:13.8,,FALSE,,,,,,,
558,185.201.112.60,34:07.5,FALSE,FALSE,,,,,,,
559,185.204.24.12,35:01.0,FALSE,FALSE,,,,,,,
560,185.216.33.135,35:54.6,FALSE,TRUE,,,,,,,
561,185.225.105.43,36:48.4,FALSE,FALSE,,,,,,,
562,185.229.190.169,37:41.8,FALSE,FALSE,,,,,,,
563,185.229.190.185,38:35.0,FALSE,FALSE,,,,,,,
564,185.234.216.32,39:28.9,FALSE,FALSE,,,,,,,
565,185.253.96.196,40:22.6,,TRUE,,,,,,,
566,185.255.96.99,41:15.8,,TRUE,,,,,,,
567,185.36.102.114,42:10.6,TRUE,FALSE,,,,,,,
568,185.38.44.194,43:04.3,FALSE,FALSE,,,,,,,
569,185.46.85.21,43:57.7,FALSE,FALSE,,,,,,,
570,185.51.229.136,44:51.9,FALSE,FALSE,,,,,,,
571,185.54.177.157,45:45.0,FALSE,FALSE,,,,,,,
572,185.85.190.132,46:38.6,TRUE,TRUE,,,,,,,
573,185.85.191.196,47:31.8,FALSE,TRUE,,,,,,,
574,185.85.191.201,48:25.5,TRUE,TRUE,,,,,,,
575,185.85.238.244,49:19.0,FALSE,TRUE,,,,,,,
576,185.85.239.110,50:13.5,FALSE,TRUE,,,,,,,
577,185.85.239.195,51:08.9,FALSE,TRUE,,,,,,,
578,185.86.13.213,52:03.3,TRUE,TRUE,,,,,,,
579,185.86.164.100,52:57.5,FALSE,TRUE,,,,,,,
580,185.86.164.101,53:51.8,FALSE,TRUE,,,,,,,
581,185.86.164.102,54:45.5,TRUE,TRUE,,,,,,,
582,185.86.164.103,55:39.6,TRUE,TRUE,,,,,,,
583,185.86.164.104,56:33.3,TRUE,TRUE,,,,,,,
584,185.86.164.106,57:27.8,TRUE,TRUE,,,,,,,
585,185.86.164.107,58:21.0,FALSE,TRUE,,,,,,,
586,185.86.164.108,59:15.5,FALSE,TRUE,,,,,,,
587,185.86.164.109,00:10.8,TRUE,TRUE,,,,,,,
588,185.86.164.110,56:33.6,FALSE,TRUE,,,,,,,
589,185.86.164.98,57:29.4,FALSE,TRUE,,,,,,,
590,185.86.164.99,58:22.4,TRUE,TRUE,,,,,,,
591,185.86.167.4,59:15.8,TRUE,TRUE,,,,,,,
592,185.9.19.122,00:09.4,FALSE,FALSE,,,,,,,
593,185.93.180.194,01:03.0,,FALSE,,,,,,,
594,185.93.180.226,01:56.8,,FALSE,,,,,,,
595,185.98.226.26,02:51.5,FALSE,FALSE,,,,,,,
596,186.120.75.17,03:45.2,,FALSE,,,,,,,
597,186.121.235.70,04:39.3,FALSE,FALSE,,,,,,,
598,186.178.74.14,05:33.5,FALSE,FALSE,,,,,,,
599,186.178.76.6,06:27.3,,FALSE,,,,,,,
600,186.178.78.159,07:22.3,FALSE,FALSE,,,,,,,
601,186.215.130.189,08:16.4,FALSE,FALSE,,,,,,,
602,186.215.130.242,09:11.3,FALSE,TRUE,,,,,,,
603,186.215.197.183,10:07.2,FALSE,TRUE,,,,,,,
604,186.215.198.137,37:10.7,FALSE,TRUE,,,,,,,
605,186.215.199.69,38:04.5,FALSE,TRUE,,,,,,,
606,186.232.136.240,39:00.7,TRUE,TRUE,,,,,,,
607,186.46.232.90,39:54.6,,FALSE,,,,,,,
608,186.46.94.186,40:48.7,FALSE,FALSE,,,,,,,
609,186.47.173.209,41:43.5,FALSE,FALSE,,,,,,,
610,186.47.174.25,42:37.7,,FALSE,,,,,,,
611,187.188.124.186,43:31.4,FALSE,FALSE,,,,,,,
612,187.19.190.30,44:25.5,FALSE,FALSE,,,,,,,
613,187.233.218.104,45:20.2,,FALSE,,,,,,,
614,188.13.177.137,46:14.4,FALSE,FALSE,,,,,,,
615,188.132.205.122,47:08.0,FALSE,TRUE,,,,,,,
616,188.159.176.121,48:01.7,FALSE,FALSE,,,,,,,
617,188.163.19.42,48:56.8,FALSE,FALSE,,,,,,,
618,188.165.229.75,49:51.5,FALSE,FALSE,,,,,,,
619,188.165.4.128,50:44.8,FALSE,FALSE,,,,,,,
620,188.170.193.203,51:38.4,FALSE,FALSE,,,,,,,
621,188.19.33.106,52:32.1,,FALSE,,,,,,,
622,188.235.6.85,53:26.0,FALSE,FALSE,,,,,,,
623,188.243.72.88,54:20.6,FALSE,FALSE,,,,,,,
624,188.3.225.249,55:15.3,FALSE,FALSE,,,,,,,
625,188.70.17.20,56:09.0,FALSE,FALSE,,,,,,,
626,188.72.96.98,57:02.4,FALSE,FALSE,,,,,,,
627,189.107.173.34,57:56.6,,FALSE,,,,,,,
628,189.114.140.70,58:54.6,TRUE,TRUE,,,,,,,
629,189.114.67.213,59:48.0,FALSE,TRUE,,,,,,,
630,189.204.183.82,00:41.6,,FALSE,,,,,,,
631,189.208.54.209,01:36.0,FALSE,FALSE,,,,,,,
632,189.210.117.137,02:30.2,FALSE,FALSE,,,,,,,
633,189.59.5.91,03:24.3,TRUE,TRUE,,,,,,,
634,189.70.139.153,04:18.5,FALSE,FALSE,,,,,,,
635,190.109.154.168,05:12.8,FALSE,FALSE,,,,,,,
636,190.173.150.112,06:06.7,,FALSE,,,,,,,
637,190.214.217.10,07:03.5,FALSE,FALSE,,,,,,,
638,190.214.217.236,07:57.4,FALSE,FALSE,,,,,,,
639,190.214.218.133,08:51.2,FALSE,FALSE,,,,,,,
640,190.214.218.182,09:44.8,FALSE,FALSE,,,,,,,
641,190.214.239.231,10:38.3,,FALSE,,,,,,,
642,190.214.31.26,11:32.2,FALSE,FALSE,,,,,,,
643,190.237.143.15,12:25.5,FALSE,FALSE,,,,,,,
644,190.66.25.18,13:19.3,FALSE,FALSE,,,,,,,
645,191.101.24.20,14:13.1,FALSE,FALSE,,,,,,,
646,191.102.222.134,15:12.0,FALSE,FALSE,,,,,,,
647,191.253.80.62,16:06.1,FALSE,FALSE,,,,,,,
648,191.96.164.23,17:00.3,,FALSE,,,,,,,
649,191.96.164.49,17:53.6,FALSE,FALSE,,,,,,,
650,192.144.138.20,18:48.3,TRUE,TRUE,,,,,,,
651,192.151.145.178,19:42.5,FALSE,TRUE,,,,,,,
652,192.223.94.132,20:36.4,TRUE,FALSE,,,,,,,
653,192.227.228.242,21:30.2,,FALSE,,,,,,,
654,192.99.9.147,22:23.7,FALSE,TRUE,,,,,,,
655,193.112.9.171,23:22.7,FALSE,TRUE,,,,,,,
656,193.201.224.17,24:18.9,FALSE,TRUE,,,,,,,
657,193.201.224.200,25:12.6,FALSE,TRUE,,,,,,,
658,193.201.224.201,26:07.5,FALSE,FALSE,,,,,,,
659,193.201.224.210,27:02.5,FALSE,TRUE,,,,,,,
660,193.201.224.220,27:56.2,FALSE,FALSE,,,,,,,
661,193.201.224.225,28:50.5,FALSE,TRUE,,,,,,,
662,193.201.224.230,29:45.0,FALSE,FALSE,,,,,,,
663,193.201.224.246,30:39.8,FALSE,TRUE,,,,,,,
664,193.201.224.52,31:33.8,FALSE,FALSE,,,,,,,
665,193.201.224.59,32:28.2,FALSE,FALSE,,,,,,,
666,193.93.192.87,33:22.2,,FALSE,,,,,,,
667,194.187.249.52,34:16.8,FALSE,TRUE,,,,,,,
668,194.247.173.123,35:12.7,FALSE,TRUE,,,,,,,
669,194.67.203.231,36:07.2,FALSE,FALSE,,,,,,,
670,194.67.220.50,37:01.0,FALSE,FALSE,,,,,,,
671,195.114.136.132,37:54.8,FALSE,FALSE,,,,,,,
672,195.154.199.74,38:48.7,FALSE,FALSE,,,,,,,
673,195.184.208.195,39:44.0,FALSE,FALSE,,,,,,,
674,195.184.208.197,40:37.6,,FALSE,,,,,,,
675,195.184.208.198,41:31.7,FALSE,FALSE,,,,,,,
676,195.184.208.221,42:25.7,,FALSE,,,,,,,
677,195.184.208.222,43:19.2,,FALSE,,,,,,,
678,195.211.161.68,44:13.1,FALSE,FALSE,,,,,,,
679,195.66.141.88,45:06.9,,TRUE,,,,,,,
680,196.207.140.51,46:00.4,FALSE,FALSE,,,,,,,
681,196.215.129.228,46:55.3,FALSE,FALSE,,,,,,,
682,196.219.77.247,47:49.2,FALSE,TRUE,,,,,,,
683,197.3.9.121,48:44.1,FALSE,FALSE,,,,,,,
684,197.45.13.178,49:38.1,FALSE,TRUE,,,,,,,
685,197.49.174.141,50:31.8,FALSE,FALSE,,,,,,,
686,198.211.127.70,51:26.8,,FALSE,,,,,,,
687,198.245.49.215,52:21.5,FALSE,FALSE,,,,,,,
688,198.245.62.136,53:15.0,FALSE,TRUE,,,,,,,
689,198.44.228.85,54:09.8,FALSE,TRUE,,,,,,,
690,199.168.197.116,55:04.4,FALSE,FALSE,,,,,,,
691,199.36.221.149,55:58.5,FALSE,FALSE,,,,,,,
692,2.133.49.242,56:52.4,,TRUE,,,,,,,
693,2.224.241.87,57:46.0,FALSE,TRUE,,,,,,,
694,2.230.9.22,58:39.7,FALSE,FALSE,,,,,,,
695,2.95.170.9,59:35.6,,FALSE,,,,,,,
696,2.95.198.107,00:29.9,,FALSE,,,,,,,
697,2.95.2.42,01:23.7,,FALSE,,,,,,,
698,2.95.52.27,02:17.6,FALSE,FALSE,,,,,,,
699,200.105.147.115,03:11.1,FALSE,FALSE,,,,,,,
700,200.105.209.170,04:06.6,,FALSE,,,,,,,
701,200.116.166.23,04:59.8,FALSE,FALSE,,,,,,,
702,200.146.250.244,05:54.3,FALSE,FALSE,,,,,,,
703,200.163.90.160,06:47.6,,FALSE,,,,,,,
704,200.54.82.227,07:41.3,FALSE,FALSE,,,,,,,
705,200.87.184.176,08:34.8,FALSE,FALSE,,,,,,,
706,201.116.66.194,09:29.9,FALSE,FALSE,,,,,,,
707,201.144.14.70,10:23.5,FALSE,FALSE,,,,,,,
708,201.18.233.225,11:19.4,,FALSE,,,,,,,
709,201.182.150.4,12:13.3,FALSE,FALSE,,,,,,,
710,201.184.241.243,13:07.6,FALSE,TRUE,,,,,,,
711,201.62.68.182,14:01.5,FALSE,FALSE,,,,,,,
712,202.110.187.146,14:55.3,FALSE,TRUE,,,,,,,
713,202.123.224.122,15:49.8,FALSE,FALSE,,,,,,,
714,202.129.32.214,16:44.7,FALSE,FALSE,,,,,,,
715,202.136.89.116,17:38.2,TRUE,FALSE,,,,,,,
716,202.137.141.193,18:46.1,FALSE,FALSE,,,,,,,
717,202.137.154.86,20:47.9,FALSE,TRUE,,,,,,,
718,202.162.201.162,21:50.6,FALSE,FALSE,,,,,,,
719,202.78.71.2,22:43.9,FALSE,TRUE,,,,,,,
720,202.83.42.228,23:38.4,FALSE,FALSE,,,,,,,
721,202.91.87.10,24:32.9,TRUE,FALSE,,,,,,,
722,203.91.116.120,25:32.5,FALSE,FALSE,,,,,,,
723,203.93.109.130,26:27.6,TRUE,TRUE,,,,,,,
724,205.145.144.108,27:22.1,,TRUE,,,,,,,
725,207.189.0.2,28:15.9,FALSE,FALSE,,,,,,,
726,207.189.30.144,29:10.0,FALSE,FALSE,,,,,,,
727,209.90.225.82,30:04.6,FALSE,TRUE,,,,,,,
728,210.1.87.118,31:01.1,FALSE,TRUE,,,,,,,
729,210.21.86.253,31:55.4,FALSE,TRUE,,,,,,,
730,210.82.28.41,32:49.3,FALSE,TRUE,,,,,,,
731,211.178.175.55,33:43.0,TRUE,TRUE,,,,,,,
732,212.102.23.218,34:37.6,FALSE,FALSE,,,,,,,
733,212.154.17.178,35:31.2,FALSE,FALSE,,,,,,,
734,212.175.35.5,36:24.8,FALSE,FALSE,,,,,,,
735,212.233.232.54,37:24.3,,FALSE,,,,,,,
736,212.92.108.94,38:18.4,FALSE,FALSE,,,,,,,
737,212.92.111.222,39:12.8,FALSE,FALSE,,,,,,,
738,212.92.115.7,40:08.1,TRUE,TRUE,,,,,,,
739,212.92.116.116,41:02.4,FALSE,TRUE,,,,,,,
740,212.92.121.167,41:57.4,FALSE,FALSE,,,,,,,
741,212.92.121.197,42:51.1,FALSE,TRUE,,,,,,,
742,212.92.122.216,43:45.0,FALSE,TRUE,,,,,,,
743,212.92.122.6,44:39.3,FALSE,FALSE,,,,,,,
744,212.92.123.232,45:32.9,FALSE,TRUE,,,,,,,
745,213.159.38.90,46:26.5,FALSE,TRUE,,,,,,,
746,213.167.0.249,47:20.5,FALSE,TRUE,,,,,,,
747,213.32.93.218,48:15.3,FALSE,FALSE,,,,,,,
748,213.55.115.106,49:10.0,FALSE,FALSE,,,,,,,
749,217.133.250.69,50:07.2,,TRUE,,,,,,,
750,217.23.12.155,51:01.0,FALSE,FALSE,,,,,,,
751,217.64.127.165,51:56.1,FALSE,FALSE,,,,,,,
752,217.64.42.213,52:51.9,FALSE,FALSE,,,,,,,
753,217.64.46.243,53:45.6,FALSE,FALSE,,,,,,,
754,217.69.138.11,54:39.3,FALSE,FALSE,,,,,,,
755,217.96.144.94,55:33.6,,FALSE,,,,,,,
756,218.104.133.243,56:28.6,FALSE,TRUE,,,,,,,
757,218.204.138.137,57:22.7,FALSE,FALSE,,,,,,,
758,218.22.129.38,58:16.5,FALSE,TRUE,,,,,,,
759,218.22.148.105,59:10.6,FALSE,TRUE,,,,,,,
760,218.22.180.146,00:05.7,FALSE,TRUE,,,,,,,
761,218.22.206.178,01:01.1,FALSE,TRUE,,,,,,,
762,218.22.253.114,01:55.4,FALSE,FALSE,,,,,,,
763,218.23.240.146,02:49.6,FALSE,TRUE,,,,,,,
764,218.23.26.50,03:43.0,FALSE,TRUE,,,,,,,
765,218.25.31.150,04:37.9,FALSE,TRUE,,,,,,,
766,218.58.105.206,05:32.3,FALSE,TRUE,,,,,,,
767,218.63.208.110,06:27.2,FALSE,TRUE,,,,,,,
768,218.72.48.104,07:21.2,,FALSE,,,,,,,
769,218.76.252.245,08:19.9,FALSE,TRUE,,,,,,,
770,218.87.46.173,09:14.9,FALSE,TRUE,,,,,,,
771,218.89.142.30,10:08.6,TRUE,TRUE,,,,,,,
772,218.94.135.150,11:03.2,FALSE,TRUE,,,,,,,
773,218.94.144.101,11:57.5,FALSE,TRUE,,,,,,,
774,219.138.59.240,12:51.9,FALSE,TRUE,,,,,,,
775,219.159.70.68,13:46.1,FALSE,TRUE,,,,,,,
776,220.124.240.66,14:40.3,TRUE,TRUE,,,,,,,
777,220.158.176.170,15:34.0,FALSE,FALSE,,,,,,,
778,220.164.193.238,16:30.0,FALSE,TRUE,,,,,,,
779,220.164.2.106,17:23.8,FALSE,TRUE,,,,,,,
780,220.164.2.113,18:17.5,FALSE,TRUE,,,,,,,
781,220.178.26.20,19:11.2,FALSE,TRUE,,,,,,,
782,220.178.82.124,20:05.8,FALSE,FALSE,,,,,,,
783,220.225.7.91,21:00.6,FALSE,FALSE,,,,,,,
784,221.130.130.238,21:54.7,FALSE,TRUE,,,,,,,
785,221.178.192.194,22:50.1,FALSE,TRUE,,,,,,,
786,221.193.192.83,23:44.2,FALSE,FALSE,,,,,,,
787,221.193.248.52,24:37.9,FALSE,TRUE,,,,,,,
788,221.210.83.24,25:32.8,FALSE,TRUE,,,,,,,
789,221.228.242.13,26:26.4,TRUE,TRUE,,,,,,,
790,221.230.139.83,27:24.7,FALSE,TRUE,,,,,,,
791,221.239.8.178,28:18.7,FALSE,TRUE,,,,,,,
792,222.133.16.134,29:12.8,FALSE,TRUE,,,,,,,
793,222.161.47.82,30:10.5,FALSE,TRUE,,,,,,,
794,222.162.70.249,31:05.0,FALSE,TRUE,,,,,,,
795,222.173.242.10,32:01.2,FALSE,TRUE,,,,,,,
796,222.175.49.22,32:56.1,FALSE,TRUE,,,,,,,
797,222.186.20.19,33:50.6,FALSE,TRUE,,,,,,,
798,222.188.97.62,34:44.8,FALSE,TRUE,,,,,,,
799,222.191.233.238,35:39.2,FALSE,TRUE,,,,,,,
800,222.222.249.41,36:34.1,FALSE,TRUE,,,,,,,
801,222.229.112.168,37:28.5,FALSE,TRUE,,,,,,,
802,222.252.41.111,38:23.0,FALSE,FALSE,,,,,,,
803,222.254.34.193,39:22.7,FALSE,FALSE,,,,,,,
804,222.87.139.44,40:16.8,FALSE,TRUE,,,,,,,
805,223.100.152.42,41:11.2,FALSE,TRUE,,,,,,,
806,223.229.246.55,42:06.5,FALSE,FALSE,,,,,,,
807,23.225.120.250,43:01.5,TRUE,FALSE,,,,,,,
808,24.205.251.42,43:56.0,FALSE,TRUE,,,,,,,
809,27.5.9.187,44:50.3,,FALSE,,,,,,,
810,27.64.9.98,45:44.4,FALSE,FALSE,,,,,,,
811,27.7.66.85,46:38.6,FALSE,FALSE,,,,,,,
812,27.72.102.96,47:32.9,FALSE,FALSE,,,,,,,
813,27.73.108.50,48:27.3,,FALSE,,,,,,,
814,27.73.82.116,49:21.4,FALSE,FALSE,,,,,,,
815,27.74.178.139,50:15.0,FALSE,FALSE,,,,,,,
816,27.8.221.239,51:08.6,FALSE,FALSE,,,,,,,
817,27.8.223.206,52:02.4,FALSE,FALSE,,,,,,,
818,27.8.92.82,52:56.3,FALSE,FALSE,,,,,,,
819,27.9.145.75,53:50.3,FALSE,FALSE,,,,,,,
820,27.9.147.130,54:50.4,FALSE,FALSE,,,,,,,
821,3.16.11.153,55:44.0,,TRUE,,,,,,,
822,3.16.55.66,56:38.0,,TRUE,,,,,,,
823,31.128.78.80,57:32.1,FALSE,FALSE,,,,,,,
824,31.13.190.51,58:25.9,,TRUE,,,,,,,
825,31.130.18.151,59:19.7,FALSE,FALSE,,,,,,,
826,31.130.18.203,00:14.7,,FALSE,,,,,,,
827,31.130.19.186,01:08.8,FALSE,FALSE,,,,,,,
828,31.130.2.79,02:03.7,FALSE,TRUE,,,,,,,
829,31.130.20.3,02:57.6,FALSE,FALSE,,,,,,,
830,31.145.174.216,03:51.4,FALSE,FALSE,,,,,,,
831,31.145.187.172,04:45.5,,TRUE,,,,,,,
832,31.163.203.80,05:39.9,FALSE,FALSE,,,,,,,
833,31.184.238.101,06:33.5,FALSE,TRUE,,,,,,,
834,31.184.238.115,07:27.1,FALSE,TRUE,,,,,,,
835,31.184.238.208,08:21.3,FALSE,TRUE,,,,,,,
836,31.184.238.34,09:15.8,FALSE,TRUE,,,,,,,
837,31.184.238.47,10:09.6,FALSE,TRUE,,,,,,,
838,31.184.238.56,11:03.7,FALSE,TRUE,,,,,,,
839,31.210.182.95,11:57.4,FALSE,FALSE,,,,,,,
840,31.28.161.20,12:51.2,FALSE,FALSE,,,,,,,
841,31.28.198.54,13:45.1,FALSE,FALSE,,,,,,,
842,34.206.139.108,14:39.8,FALSE,TRUE,,,,,,,
843,34.211.202.90,15:35.0,,TRUE,,,,,,,
844,34.215.139.222,16:29.5,,FALSE,,,,,,,
845,34.217.86.144,17:29.2,FALSE,FALSE,,,,,,,
846,34.219.111.186,18:23.4,,TRUE,,,,,,,
847,34.219.163.168,19:17.1,,TRUE,,,,,,,
848,34.219.81.248,20:12.5,,FALSE,,,,,,,
849,34.224.28.78,21:07.9,,TRUE,,,,,,,
850,34.227.161.117,22:01.9,,FALSE,,,,,,,
851,35.163.175.188,22:56.0,FALSE,FALSE,,,,,,,
852,35.172.190.61,23:50.3,,FALSE,,,,,,,
853,36.37.185.87,24:44.4,FALSE,FALSE,,,,,,,
854,36.57.136.96,25:38.1,FALSE,FALSE,,,,,,,
855,36.57.140.169,26:31.7,FALSE,FALSE,,,,,,,
856,36.57.181.37,27:25.9,FALSE,FALSE,,,,,,,
857,37.115.153.54,28:19.5,FALSE,FALSE,,,,,,,
858,37.115.185.236,29:13.1,FALSE,FALSE,,,,,,,
859,37.115.187.10,30:06.9,FALSE,FALSE,,,,,,,
860,37.115.190.204,31:00.6,FALSE,FALSE,,,,,,,
861,37.115.197.112,31:56.3,,FALSE,,,,,,,
862,37.115.197.89,32:50.5,FALSE,FALSE,,,,,,,
863,37.115.198.176,33:44.3,FALSE,FALSE,,,,,,,
864,37.115.205.107,34:37.9,,FALSE,,,,,,,
865,37.115.205.45,35:31.5,FALSE,FALSE,,,,,,,
866,37.115.214.5,36:25.4,FALSE,FALSE,,,,,,,
867,37.115.218.9,37:25.7,,FALSE,,,,,,,
868,37.115.220.9,38:19.8,FALSE,FALSE,,,,,,,
869,37.115.222.228,39:14.5,FALSE,FALSE,,,,,,,
870,37.146.62.151,40:09.3,,FALSE,,,,,,,
871,37.147.108.24,41:03.8,FALSE,FALSE,,,,,,,
872,37.147.235.218,41:57.6,,FALSE,,,,,,,
873,37.187.75.71,42:51.0,FALSE,FALSE,,,,,,,
874,37.215.70.122,43:44.8,FALSE,FALSE,,,,,,,
875,37.235.48.249,44:38.6,FALSE,TRUE,,,,,,,
876,37.235.53.178,45:33.1,FALSE,FALSE,,,,,,,
877,37.254.162.6,46:27.0,FALSE,FALSE,,,,,,,
878,37.59.44.168,47:21.5,FALSE,FALSE,,,,,,,
879,37.9.44.81,48:15.6,FALSE,FALSE,,,,,,,
880,37.9.45.132,49:09.4,FALSE,FALSE,,,,,,,
881,37.9.45.176,50:04.2,,FALSE,,,,,,,
882,37.9.53.12,51:05.0,TRUE,TRUE,,,,,,,
883,39.169.187.251,51:59.3,FALSE,FALSE,,,,,,,
884,39.44.45.32,52:53.3,FALSE,FALSE,,,,,,,
885,39.46.207.144,53:47.4,FALSE,FALSE,,,,,,,
886,39.47.188.193,54:41.3,,FALSE,,,,,,,
887,39.55.156.156,55:35.0,FALSE,FALSE,,,,,,,
888,40.77.167.107,56:30.2,FALSE,FALSE,,,,,,,
889,40.77.167.120,57:23.8,FALSE,FALSE,,,,,,,
890,40.77.167.121,58:18.1,,FALSE,,,,,,,
891,40.77.167.136,59:11.7,FALSE,FALSE,,,,,,,
892,40.77.167.151,00:06.2,FALSE,FALSE,,,,,,,
893,40.77.167.182,00:59.6,FALSE,FALSE,,,,,,,
894,40.77.167.189,01:55.8,FALSE,FALSE,,,,,,,
895,40.77.167.190,02:49.2,FALSE,FALSE,,,,,,,
896,40.77.167.23,03:42.8,FALSE,FALSE,,,,,,,
897,40.77.167.52,04:36.3,FALSE,FALSE,,,,,,,
898,40.77.167.60,05:32.3,FALSE,FALSE,,,,,,,
899,40.77.167.77,06:27.2,FALSE,FALSE,,,,,,,
900,40.77.167.86,07:20.8,FALSE,FALSE,,,,,,,
901,41.128.185.155,08:14.9,TRUE,TRUE,,,,,,,
902,41.161.83.59,09:09.1,FALSE,FALSE,,,,,,,
903,41.21.168.19,10:03.3,FALSE,FALSE,,,,,,,
904,41.210.49.98,10:58.8,FALSE,TRUE,,,,,,,
905,41.211.112.143,11:52.5,FALSE,FALSE,,,,,,,
906,41.242.98.124,12:46.0,FALSE,FALSE,,,,,,,
907,41.39.171.216,13:40.2,FALSE,FALSE,,,,,,,
908,41.41.232.139,14:34.5,FALSE,TRUE,,,,,,,
909,41.77.131.202,15:28.3,FALSE,FALSE,,,,,,,
910,41.87.71.50,16:22.5,FALSE,FALSE,,,,,,,
911,42.104.94.237,17:16.2,FALSE,TRUE,,,,,,,
912,42.112.157.134,18:09.9,FALSE,FALSE,,,,,,,
913,42.113.158.63,19:04.4,FALSE,FALSE,,,,,,,
914,42.119.24.43,19:57.8,FALSE,FALSE,,,,,,,
915,42.236.10.103,20:51.6,TRUE,TRUE,,,,,,,
916,42.236.10.110,21:46.3,TRUE,TRUE,,,,,,,
917,42.236.10.114,22:40.5,FALSE,TRUE,,,,,,,
918,42.236.10.76,23:34.2,TRUE,TRUE,,,,,,,
919,42.236.10.81,24:28.1,TRUE,TRUE,,,,,,,
920,42.236.39.181,25:21.6,FALSE,FALSE,,,,,,,
921,42.236.46.85,26:15.3,TRUE,TRUE,,,,,,,
922,45.246.11.63,27:09.3,FALSE,FALSE,,,,,,,
923,45.61.160.114,28:03.5,,FALSE,,,,,,,
924,46.118.112.109,28:57.2,FALSE,FALSE,,,,,,,
925,46.118.112.116,29:51.0,FALSE,FALSE,,,,,,,
926,46.118.114.181,30:44.6,FALSE,FALSE,,,,,,,
927,46.118.118.211,31:38.8,FALSE,FALSE,,,,,,,
928,46.118.120.230,32:32.6,FALSE,FALSE,,,,,,,
929,46.118.153.18,33:26.3,FALSE,FALSE,,,,,,,
930,46.118.155.165,34:21.1,FALSE,TRUE,,,,,,,
931,46.118.157.107,35:15.4,FALSE,FALSE,,,,,,,
932,46.118.157.189,36:09.4,FALSE,FALSE,,,,,,,
933,46.119.114.237,37:03.4,FALSE,FALSE,,,,,,,
934,46.119.120.176,37:57.3,,FALSE,,,,,,,
935,46.119.122.66,38:51.5,TRUE,FALSE,,,,,,,
936,46.119.125.64,39:45.2,,FALSE,,,,,,,
937,46.146.111.107,40:39.5,FALSE,FALSE,,,,,,,
938,46.146.144.55,41:33.8,FALSE,FALSE,,,,,,,
939,46.147.43.177,42:28.2,FALSE,FALSE,,,,,,,
940,46.148.22.210,43:23.4,FALSE,FALSE,,,,,,,
941,46.149.89.122,44:17.2,,FALSE,,,,,,,
942,46.161.15.54,45:12.2,,FALSE,,,,,,,
943,46.161.60.76,46:06.1,FALSE,FALSE,,,,,,,
944,46.161.9.14,46:59.9,FALSE,FALSE,,,,,,,
945,46.161.9.18,47:54.1,FALSE,FALSE,,,,,,,
946,46.161.9.20,48:50.2,FALSE,FALSE,,,,,,,
947,46.161.9.23,49:43.9,FALSE,FALSE,,,,,,,
948,46.161.9.25,50:38.0,TRUE,FALSE,,,,,,,
949,46.161.9.41,51:31.9,FALSE,FALSE,,,,,,,
950,46.161.9.50,52:29.7,FALSE,FALSE,,,,,,,
951,46.161.9.51,53:23.8,FALSE,FALSE,,,,,,,
952,46.161.9.56,54:17.7,FALSE,TRUE,,,,,,,
953,46.161.9.63,55:11.6,FALSE,FALSE,,,,,,,
954,46.161.9.68,56:06.5,FALSE,FALSE,,,,,,,
955,46.161.9.70,57:00.9,FALSE,FALSE,,,,,,,
956,46.161.9.71,57:55.3,FALSE,FALSE,,,,,,,
957,46.161.9.77,58:50.3,FALSE,FALSE,,,,,,,
958,46.161.9.80,59:44.3,FALSE,FALSE,,,,,,,
959,46.161.9.9,00:38.1,FALSE,FALSE,,,,,,,
960,46.165.228.101,01:32.6,FALSE,FALSE,,,,,,,
961,46.191.248.24,02:27.8,FALSE,FALSE,,,,,,,
962,46.229.168.138,03:22.0,FALSE,TRUE,,,,,,,
963,46.229.168.139,04:17.4,FALSE,TRUE,,,,,,,
964,46.229.168.142,05:13.4,FALSE,TRUE,,,,,,,
965,46.229.168.144,06:07.8,FALSE,TRUE,,,,,,,
966,46.229.168.145,07:02.5,FALSE,TRUE,,,,,,,
967,46.229.168.146,07:56.3,FALSE,TRUE,,,,,,,
968,46.229.168.147,08:50.8,FALSE,TRUE,,,,,,,
969,46.229.168.65,09:44.5,TRUE,FALSE,,,,,,,
970,46.229.168.69,10:38.4,FALSE,FALSE,,,,,,,
971,46.229.168.70,11:32.2,FALSE,FALSE,,,,,,,
972,46.229.168.81,12:25.8,FALSE,FALSE,,,,,,,
973,46.229.168.82,13:19.3,FALSE,FALSE,,,,,,,
974,46.229.168.84,14:12.8,FALSE,FALSE,,,,,,,
975,46.30.165.52,15:07.8,FALSE,FALSE,,,,,,,
976,46.37.82.243,16:01.7,FALSE,FALSE,,,,,,,
977,46.4.32.75,16:55.5,FALSE,FALSE,,,,,,,
978,46.4.63.68,17:49.2,FALSE,TRUE,,,,,,,
979,46.4.80.195,18:43.9,FALSE,FALSE,,,,,,,
980,46.61.152.187,19:38.4,FALSE,TRUE,,,,,,,
981,47.52.220.102,20:35.0,TRUE,TRUE,,,,,,,
982,49.206.242.22,21:29.4,FALSE,TRUE,,,,,,,
983,49.32.90.93,22:23.0,,FALSE,,,,,,,
984,49.89.251.225,23:17.5,,FALSE,,,,,,,
985,49.91.240.114,24:12.6,FALSE,TRUE,,,,,,,
986,5.101.221.135,25:08.1,FALSE,FALSE,,,,,,,
987,5.101.221.146,26:01.6,FALSE,FALSE,,,,,,,
988,5.101.221.206,26:55.3,FALSE,FALSE,,,,,,,
989,5.101.221.208,27:49.1,FALSE,FALSE,,,,,,,
990,5.101.64.86,28:43.5,FALSE,FALSE,,,,,,,
991,5.114.104.66,29:37.7,FALSE,FALSE,,,,,,,
992,5.133.176.3,30:31.5,FALSE,FALSE,,,,,,,
993,5.164.214.29,31:25.1,FALSE,FALSE,,,,,,,
994,5.187.49.14,32:19.3,FALSE,FALSE,,,,,,,
995,5.187.70.178,33:13.2,FALSE,FALSE,,,,,,,
996,5.188.210.11,34:07.4,FALSE,TRUE,,,,,,,
997,5.188.210.24,35:01.3,,FALSE,TRUE,,,,,,
998,5.188.210.4,35:56.2,FALSE,TRUE,TRUE,,,,,,
999,5.188.210.43,36:50.4,,TRUE,TRUE,,,,,,
1000,5.188.210.5,37:44.7,FALSE,TRUE,TRUE,,,,,,
1001,5.188.210.6,38:38.2,FALSE,TRUE,TRUE,,,,,,
1002,5.188.210.8,39:31.8,FALSE,TRUE,TRUE,,,,,,
1003,5.188.210.9,40:25.7,FALSE,TRUE,TRUE,,,,,,
1004,5.188.42.52,41:20.2,,TRUE,TRUE,,,,,,
1005,5.188.62.11,42:14.5,TRUE,TRUE,FALSE,,,,,,
1006,5.188.62.5,43:08.6,TRUE,TRUE,TRUE,,,,,,
1007,5.189.205.59,44:22.2,FALSE,FALSE,TRUE,,,,,,
1008,5.189.205.67,45:15.7,FALSE,FALSE,FALSE,,,,,,
1009,5.189.205.71,46:09.7,,FALSE,TRUE,,,,,,
1010,5.189.206.36,47:03.2,FALSE,FALSE,TRUE,,,,,,
1011,5.196.41.158,47:57.0,TRUE,TRUE,TRUE,,,,,,
1012,5.2.77.144,48:51.8,,FALSE,TRUE,,,,,,
1013,5.214.249.64,49:45.5,FALSE,FALSE,FALSE,,,,,,
1014,5.219.13.84,50:38.9,FALSE,FALSE,FALSE,,,,,,
1015,5.236.233.34,51:33.2,FALSE,FALSE,FALSE,,,,,,
1016,5.248.226.239,52:27.1,FALSE,FALSE,TRUE,,,,,,
1017,5.248.227.32,54:40.1,FALSE,TRUE,TRUE,,,,,,
1018,5.35.37.225,55:34.0,,FALSE,TRUE,,,,,,
1019,5.35.51.158,56:27.6,FALSE,FALSE,TRUE,,,,,,
1020,5.35.69.214,57:24.9,FALSE,FALSE,TRUE,,,,,,
1021,5.62.153.103,58:18.4,FALSE,FALSE,FALSE,,,,,,
1022,5.62.153.13,59:12.1,FALSE,FALSE,TRUE,,,,,,
1023,5.62.153.198,00:06.6,FALSE,FALSE,TRUE,,,,,,
1024,5.62.156.201,01:00.5,FALSE,FALSE,TRUE,,,,,,
1025,5.62.156.22,01:54.2,FALSE,FALSE,TRUE,,,,,,
1026,5.62.158.101,02:48.3,FALSE,TRUE,TRUE,,,,,,
1027,5.62.158.175,03:41.9,FALSE,FALSE,TRUE,,,,,,
1028,5.62.158.222,04:35.4,FALSE,FALSE,TRUE,,,,,,
1029,5.79.68.161,05:30.1,FALSE,TRUE,TRUE,,,,,,
1030,5.8.44.137,06:23.7,FALSE,FALSE,TRUE,,,,,,
1031,5.8.44.196,07:17.6,FALSE,FALSE,TRUE,,,,,,
1032,5.8.44.205,08:11.3,FALSE,FALSE,TRUE,,,,,,
1033,5.8.44.208,09:04.9,FALSE,FALSE,TRUE,,,,,,
1034,5.8.44.226,09:58.7,FALSE,FALSE,TRUE,,,,,,
1035,5.8.44.228,10:52.9,FALSE,FALSE,TRUE,,,,,,
1036,5.8.45.168,11:46.6,FALSE,FALSE,TRUE,,,,,,
1037,5.8.45.51,12:40.4,FALSE,FALSE,FALSE,,,,,,
1038,5.8.46.59,13:34.2,,FALSE,FALSE,,,,,,
1039,5.8.46.60,14:27.9,FALSE,FALSE,TRUE,,,,,,
1040,5.8.46.87,15:22.5,FALSE,FALSE,TRUE,,,,,,
1041,5.9.111.70,16:16.6,FALSE,FALSE,TRUE,,,,,,
1042,5.9.80.133,17:10.6,FALSE,FALSE,TRUE,,,,,,
1043,5.9.89.170,18:05.0,FALSE,FALSE,TRUE,,,,,,
1044,51.15.205.192,18:59.1,FALSE,FALSE,TRUE,,,,,,
1045,51.15.234.90,19:52.9,FALSE,TRUE,TRUE,,,,,,
1046,51.15.37.97,20:46.8,TRUE,TRUE,TRUE,,,,,,
1047,51.68.174.52,21:40.5,,TRUE,TRUE,,,,,,
1048,52.0.119.245,22:34.2,,FALSE,TRUE,,,,,,
1049,52.13.50.97,23:28.8,,TRUE,TRUE,,,,,,
1050,52.15.91.135,24:22.8,,TRUE,TRUE,,,,,,
1051,54.148.135.28,25:16.6,,FALSE,TRUE,,,,,,
1052,54.149.214.125,26:10.3,,FALSE,TRUE,,,,,,
1053,54.149.215.211,27:04.4,,FALSE,TRUE,,,,,,
1054,54.157.14.78,28:00.0,FALSE,FALSE,TRUE,,,,,,
1055,54.175.38.193,28:54.2,,TRUE,TRUE,,,,,,
1056,54.191.164.42,29:47.8,,TRUE,TRUE,,,,,,
1057,54.191.217.245,30:42.1,,FALSE,TRUE,,,,,,
1058,54.218.118.75,31:35.7,,FALSE,TRUE,,,,,,
1059,54.234.149.1,32:29.5,,TRUE,TRUE,,,,,,
1060,54.244.193.240,33:23.5,,FALSE,TRUE,,,,,,
1061,54.37.253.204,34:17.3,FALSE,FALSE,TRUE,,,,,,
1062,54.86.253.175,35:10.8,FALSE,FALSE,TRUE,,,,,,
1063,54.88.101.66,36:04.7,,FALSE,TRUE,,,,,,
1064,54.91.148.12,36:58.4,,TRUE,TRUE,,,,,,
1065,58.187.92.210,37:51.9,FALSE,FALSE,FALSE,,,,,,
1066,58.20.36.88,38:46.9,FALSE,TRUE,TRUE,,,,,,
1067,58.213.133.18,39:41.8,FALSE,TRUE,TRUE,,,,,,
1068,58.213.46.110,40:35.7,FALSE,TRUE,TRUE,,,,,,
1069,58.218.66.82,41:29.8,FALSE,FALSE,FALSE,,,,,,
1070,58.218.66.90,42:24.0,FALSE,TRUE,TRUE,,,,,,
1071,58.222.105.114,43:17.7,FALSE,TRUE,TRUE,,,,,,
1072,58.244.173.130,44:11.4,FALSE,TRUE,TRUE,,,,,,
1073,58.246.5.122,45:06.4,FALSE,TRUE,TRUE,,,,,,
1074,59.110.237.76,46:00.0,TRUE,TRUE,TRUE,,,,,,
1075,59.144.62.50,46:53.7,FALSE,FALSE,FALSE,,,,,,
1076,59.39.92.162,47:47.8,FALSE,TRUE,TRUE,,,,,,
1077,59.51.166.23,48:42.1,FALSE,FALSE,TRUE,,,,,,
1078,60.169.26.22,49:36.3,FALSE,TRUE,TRUE,,,,,,
1079,60.169.3.56,50:30.1,FALSE,FALSE,TRUE,,,,,,
1080,60.172.69.66,51:24.4,FALSE,TRUE,TRUE,,,,,,
1081,60.173.79.120,52:18.4,FALSE,TRUE,TRUE,,,,,,
1082,60.191.206.110,53:12.2,FALSE,TRUE,TRUE,,,,,,
1083,60.2.111.190,54:09.1,FALSE,FALSE,FALSE,,,,,,
1084,60.246.2.233,55:03.4,FALSE,FALSE,FALSE,,,,,,
1085,60.28.131.10,56:03.2,FALSE,TRUE,TRUE,,,,,,
1086,61.12.38.162,56:59.4,FALSE,TRUE,TRUE,,,,,,
1087,61.136.81.234,57:53.4,FALSE,TRUE,TRUE,,,,,,
1088,61.136.94.166,58:47.0,FALSE,TRUE,TRUE,,,,,,
1089,61.161.209.134,59:42.9,FALSE,TRUE,TRUE,,,,,,
1090,61.163.69.170,00:37.3,FALSE,TRUE,TRUE,,,,,,
1091,61.177.60.140,01:31.7,FALSE,TRUE,TRUE,,,,,,
1092,61.183.232.62,02:25.4,FALSE,FALSE,FALSE,,,,,,
1093,61.186.219.33,03:19.0,FALSE,TRUE,FALSE,,,,,,
1094,61.191.252.218,04:12.8,FALSE,TRUE,TRUE,,,,,,
1095,61.247.11.94,05:06.8,FALSE,FALSE,FALSE,,,,,,
1096,61.50.130.146,06:03.5,FALSE,TRUE,TRUE,,,,,,
1097,61.7.191.132,06:58.3,FALSE,FALSE,TRUE,,,,,,
1098,62.102.148.67,07:51.9,TRUE,TRUE,TRUE,,,,,,
1099,62.109.28.157,08:45.1,FALSE,FALSE,TRUE,,,,,,
1100,62.122.88.226,09:39.3,FALSE,FALSE,TRUE,,,,,,
1101,62.122.90.51,10:34.6,FALSE,FALSE,TRUE,,,,,,
1102,62.122.91.79,11:31.3,FALSE,FALSE,TRUE,,,,,,
1103,62.122.92.125,12:29.2,FALSE,FALSE,TRUE,,,,,,
1104,62.122.92.191,13:24.2,,FALSE,TRUE,,,,,,
1105,62.122.92.7,14:19.1,FALSE,FALSE,TRUE,,,,,,
1106,62.122.93.99,15:14.4,FALSE,FALSE,TRUE,,,,,,
1107,62.122.95.134,16:12.1,FALSE,FALSE,TRUE,,,,,,
1108,62.122.95.222,17:10.2,FALSE,FALSE,TRUE,,,,,,
1109,62.122.95.69,18:09.4,FALSE,FALSE,TRUE,,,,,,
1110,62.133.191.113,19:06.2,FALSE,FALSE,TRUE,,,,,,
1111,62.15.46.206,20:03.9,FALSE,FALSE,FALSE,,,,,,
1112,62.210.103.20,21:00.2,FALSE,FALSE,TRUE,,,,,,
1113,62.210.157.133,21:54.9,TRUE,TRUE,TRUE,,,,,,
1114,62.210.252.126,22:48.7,FALSE,FALSE,TRUE,,,,,,
1115,62.210.28.105,23:42.8,FALSE,FALSE,TRUE,,,,,,
1116,62.94.38.49,24:36.4,FALSE,FALSE,FALSE,,,,,,
1117,64.188.1.4,25:30.1,FALSE,FALSE,TRUE,,,,,,
1118,65.19.167.132,26:26.1,TRUE,TRUE,TRUE,,,,,,
1119,65.79.217.4,27:19.8,FALSE,FALSE,TRUE,,,,,,
1120,67.237.78.130,28:14.4,FALSE,TRUE,FALSE,,,,,,
1121,68.105.56.68,29:10.0,,FALSE,FALSE,,,,,,
1122,69.12.66.247,30:03.8,FALSE,TRUE,TRUE,,,,,,
1123,69.12.70.102,30:59.0,FALSE,FALSE,TRUE,,,,,,
1124,69.30.198.178,31:52.5,FALSE,TRUE,TRUE,,,,,,
1125,69.30.226.234,32:46.3,FALSE,TRUE,TRUE,,,,,,
1126,72.221.164.38,33:40.2,,TRUE,TRUE,,,,,,
1127,77.234.46.179,34:33.9,FALSE,FALSE,TRUE,,,,,,
1128,77.234.46.236,35:27.6,FALSE,FALSE,TRUE,,,,,,
1129,77.44.110.101,36:22.1,FALSE,TRUE,TRUE,,,,,,
1130,77.72.82.112,37:16.0,FALSE,TRUE,FALSE,,,,,,
1131,77.72.82.12,38:10.0,FALSE,TRUE,FALSE,,,,,,
1132,77.72.82.15,39:05.1,FALSE,TRUE,TRUE,,,,,,
1133,77.72.83.230,39:59.5,FALSE,TRUE,TRUE,,,,,,
1134,77.81.21.171,40:54.9,TRUE,FALSE,TRUE,,,,,,
1135,78.102.50.57,41:48.8,,TRUE,TRUE,,,,,,
1136,78.137.228.189,42:42.7,,FALSE,FALSE,,,,,,
1137,78.30.148.7,43:37.4,FALSE,FALSE,FALSE,,,,,,
1138,79.107.177.137,44:31.7,,FALSE,FALSE,,,,,,
1139,79.110.31.165,45:26.9,FALSE,FALSE,TRUE,,,,,,
1140,79.110.31.167,46:21.0,,FALSE,TRUE,,,,,,
1141,79.184.221.46,47:15.2,FALSE,FALSE,TRUE,,,,,,
1142,80.211.192.162,48:08.9,FALSE,FALSE,TRUE,,,,,,
1143,80.211.52.104,49:02.6,,FALSE,FALSE,,,,,,
1144,80.234.116.226,49:56.8,,FALSE,TRUE,,,,,,
1145,80.35.23.103,50:50.7,FALSE,TRUE,TRUE,,,,,,
1146,81.163.65.16,51:44.5,FALSE,FALSE,TRUE,,,,,,
1147,81.171.110.108,52:38.6,FALSE,FALSE,TRUE,,,,,,
1148,81.171.18.36,53:32.8,FALSE,TRUE,TRUE,,,,,,
1149,81.27.79.18,54:26.8,FALSE,FALSE,TRUE,,,,,,
1150,81.82.223.109,55:20.6,FALSE,TRUE,TRUE,,,,,,
1151,82.151.215.154,56:14.6,FALSE,FALSE,TRUE,,,,,,
1152,83.220.236.46,57:08.4,FALSE,FALSE,TRUE,,,,,,
1153,83.234.146.153,58:02.2,,FALSE,FALSE,,,,,,
1154,83.48.52.46,58:58.5,FALSE,FALSE,FALSE,,,,,,
1155,83.69.15.3,59:52.3,FALSE,FALSE,FALSE,,,,,,
1156,83.97.23.100,01:27.0,,FALSE,TRUE,,,,,,
1157,84.240.9.6,02:40.6,FALSE,FALSE,TRUE,,,,,,
1158,85.194.108.222,03:56.0,FALSE,FALSE,FALSE,,,,,,
1159,85.195.116.66,04:50.1,FALSE,TRUE,TRUE,,,,,,
1160,85.84.203.9,05:48.0,FALSE,TRUE,TRUE,,,,,,
1161,85.93.20.246,06:42.6,FALSE,TRUE,TRUE,,,,,,
1162,85.93.20.248,07:36.7,FALSE,TRUE,TRUE,,,,,,
1163,86.123.68.130,08:30.9,FALSE,TRUE,TRUE,,,,,,
1164,87.236.195.22,09:25.9,FALSE,FALSE,TRUE,,,,,,
1165,88.150.250.242,10:20.1,FALSE,FALSE,TRUE,,,,,,
1166,88.200.197.223,11:13.8,,FALSE,TRUE,,,,,,
1167,88.204.214.122,12:07.9,FALSE,TRUE,TRUE,,,,,,
1168,88.255.219.174,13:02.3,FALSE,FALSE,FALSE,,,,,,
1169,88.68.245.74,13:57.5,FALSE,FALSE,FALSE,,,,,,
1170,89.128.102.138,14:51.3,FALSE,FALSE,FALSE,,,,,,
1171,89.33.28.63,15:45.6,FALSE,FALSE,FALSE,,,,,,
1172,89.37.70.149,16:41.6,FALSE,FALSE,FALSE,,,,,,
1173,89.41.22.108,17:35.6,FALSE,FALSE,FALSE,,,,,,
1174,89.64.6.139,18:29.7,FALSE,FALSE,FALSE,,,,,,
1175,89.74.31.130,19:23.4,FALSE,FALSE,TRUE,,,,,,
1176,89.78.213.56,20:20.6,FALSE,FALSE,TRUE,,,,,,
1177,91.121.86.136,21:14.9,FALSE,FALSE,TRUE,,,,,,
1178,91.134.250.230,22:09.8,,TRUE,TRUE,,,,,,
1179,91.189.123.181,23:04.5,FALSE,FALSE,FALSE,,,,,,
1180,91.200.12.93,23:58.4,FALSE,FALSE,TRUE,,,,,,
1181,91.200.83.28,24:52.1,FALSE,FALSE,TRUE,,,,,,
1182,91.200.83.33,25:45.8,,FALSE,TRUE,,,,,,
1183,91.200.83.92,26:39.9,,FALSE,TRUE,,,,,,
1184,91.200.83.96,27:33.7,FALSE,FALSE,FALSE,,,,,,
1185,91.210.145.124,28:27.8,FALSE,TRUE,TRUE,,,,,,
1186,91.211.88.70,29:22.7,FALSE,TRUE,TRUE,,,,,,
1187,91.215.52.219,30:16.3,FALSE,FALSE,TRUE,,,,,,
1188,91.219.236.171,31:11.3,FALSE,TRUE,TRUE,,,,,,
1189,91.230.254.198,32:05.0,FALSE,FALSE,FALSE,,,,,,
1190,91.233.116.228,32:59.2,FALSE,FALSE,TRUE,,,,,,
1191,91.243.93.56,33:53.1,FALSE,FALSE,FALSE,,,,,,
1192,92.221.177.126,34:47.1,FALSE,TRUE,FALSE,,,,,,
1193,92.240.68.26,35:41.2,FALSE,FALSE,FALSE,,,,,,
1194,92.253.120.62,36:35.1,FALSE,FALSE,FALSE,,,,,,
1195,92.39.129.110,37:29.7,FALSE,FALSE,TRUE,,,,,,
1196,92.42.45.147,38:24.0,FALSE,FALSE,TRUE,,,,,,
1197,92.86.54.7,39:17.8,,FALSE,FALSE,,,,,,
1198,93.100.228.17,40:11.7,,TRUE,TRUE,,,,,,
1199,93.115.86.9,41:05.3,FALSE,TRUE,TRUE,,,,,,
1200,93.125.99.77,42:00.1,FALSE,TRUE,TRUE,,,,,,
1201,93.126.98.242,42:53.8,FALSE,FALSE,TRUE,,,,,,
1202,93.179.68.150,43:47.4,TRUE,FALSE,FALSE,,,,,,
1203,93.179.70.178,44:41.3,FALSE,TRUE,TRUE,,,,,,
1204,93.188.39.163,45:35.6,FALSE,FALSE,TRUE,,,,,,
1205,93.47.217.194,46:29.3,FALSE,FALSE,FALSE,,,,,,
1206,93.77.115.71,47:23.2,FALSE,FALSE,TRUE,,,,,,
1207,93.77.75.246,48:17.0,FALSE,FALSE,TRUE,,,,,,
1208,93.87.11.106,49:11.3,FALSE,FALSE,FALSE,,,,,,
1209,94.16.123.176,50:07.0,FALSE,FALSE,TRUE,,,,,,
1210,94.179.4.94,51:01.6,,FALSE,TRUE,,,,,,
1211,94.183.175.239,51:55.6,FALSE,FALSE,FALSE,,,,,,
1212,94.230.112.214,52:51.1,,TRUE,FALSE,,,,,,
1213,94.242.62.105,53:44.9,FALSE,FALSE,TRUE,,,,,,
1214,94.41.135.234,54:39.0,FALSE,FALSE,TRUE,,,,,,
1215,94.41.182.10,55:32.8,,FALSE,TRUE,,,,,,
1216,94.76.97.80,56:28.4,FALSE,TRUE,FALSE,,,,,,
1217,94.97.89.215,57:22.7,FALSE,FALSE,FALSE,,,,,,
1218,95.0.176.198,58:18.0,,TRUE,TRUE,,,,,,
1219,95.105.101.139,59:11.9,,FALSE,TRUE,,,,,,
1220,95.161.221.139,00:07.0,FALSE,FALSE,FALSE,,,,,,
1221,95.161.222.100,01:01.9,FALSE,TRUE,TRUE,,,,,,
1222,95.181.179.62,01:55.9,FALSE,FALSE,FALSE,,,,,,
1223,95.181.179.64,02:50.5,FALSE,FALSE,FALSE,,,,,,
1224,95.181.218.11,03:44.9,FALSE,FALSE,TRUE,,,,,,
1225,95.213.237.159,04:38.7,FALSE,FALSE,FALSE,,,,,,
1226,95.247.234.39,05:32.9,,FALSE,TRUE,,,,,,
1227,95.25.110.33,06:27.6,FALSE,FALSE,TRUE,,,,,,
1228,95.25.147.17,07:21.6,,FALSE,TRUE,,,,,,
1229,95.25.147.67,08:15.9,FALSE,FALSE,TRUE,,,,,,
1230,95.25.153.89,09:10.7,,FALSE,TRUE,,,,,,
1231,95.25.154.24,10:04.9,FALSE,FALSE,TRUE,,,,,,
1232,95.25.189.34,10:59.0,FALSE,FALSE,FALSE,,,,,,
1233,95.25.72.108,11:53.2,FALSE,FALSE,TRUE,,,,,,
1234,95.25.72.81,12:47.0,FALSE,FALSE,TRUE,,,,,,
1235,95.25.74.163,13:41.5,,FALSE,TRUE,,,,,,
1236,95.25.74.196,14:37.4,FALSE,FALSE,TRUE,,,,,,
1237,95.25.74.205,15:32.3,FALSE,FALSE,TRUE,,,,,,
1238,95.25.74.243,16:26.2,FALSE,FALSE,TRUE,,,,,,
1239,95.25.76.224,17:20.2,,FALSE,TRUE,,,,,,
1240,95.25.78.28,18:19.0,FALSE,FALSE,TRUE,,,,,,
1241,95.25.78.67,19:12.7,FALSE,FALSE,TRUE,,,,,,
1242,95.25.78.83,20:07.0,,FALSE,TRUE,,,,,,
1243,95.25.78.91,21:01.2,FALSE,FALSE,TRUE,,,,,,
1244,95.25.79.131,22:01.7,,FALSE,TRUE,,,,,,
1245,95.25.79.204,22:55.7,,FALSE,TRUE,,,,,,
1246,95.25.79.252,23:49.6,,FALSE,TRUE,,,,,,
1247,95.28.97.4,24:43.3,,FALSE,TRUE,,,,,,
1248,95.37.251.75,25:38.9,FALSE,FALSE,TRUE,,,,,,
1249,95.37.96.179,26:32.7,FALSE,FALSE,TRUE,,,,,,
1250,95.53.12.56,27:26.5,,FALSE,FALSE,,,,,,
1251,95.53.246.94,28:20.9,FALSE,TRUE,TRUE,,,,,,
1252,95.65.45.111,29:14.6,FALSE,FALSE,TRUE,,,,,,
1253,95.67.143.56,30:08.6,FALSE,FALSE,TRUE,,,,,,
1254,95.67.206.7,31:08.0,,FALSE,TRUE,,,,,,
1255,95.73.4.240,32:04.9,,FALSE,TRUE,,,,,,
1256,95.73.64.44,32:58.8,,FALSE,TRUE,,,,,,
1257,95.76.55.174,33:52.6,FALSE,FALSE,FALSE,,,,,,
1258,95.79.30.13,34:46.5,,FALSE,TRUE,,,,,,
1259,95.85.81.141,35:40.0,FALSE,FALSE,TRUE,,,,,,
1260,95.85.81.166,36:34.0,,FALSE,TRUE,,,,,,
1261,95.85.81.177,37:27.5,FALSE,FALSE,TRUE,,,,,,
1262,95.85.81.58,38:21.0,,FALSE,TRUE,,,,,,
1263,204.85.191.30,39:15.3,TRUE,TRUE,TRUE,,,,,,
1264,212.21.66.6,40:10.4,TRUE,TRUE,TRUE,,,,,,
1265,185.111.183.4,41:05.1,FALSE,FALSE,TRUE,,,,,,
1266,185.220.101.7,41:59.8,FALSE,TRUE,,,,,,,
1267,185.220.101.12,42:53.2,FALSE,TRUE,,,,,,,
1268,62.102.148.67,43:47.6,TRUE,TRUE,,,,,,,
1269,162.247.74.201,44:43.4,FALSE,TRUE,,,,,,,
1270,51.15.49.134,45:37.1,FALSE,TRUE,,,,,,,
1271,195.176.3.23,46:31.6,FALSE,TRUE,,,,,,,
1272,192.160.102.170,47:25.7,TRUE,TRUE,,,,,,,
1273,37.49.224.183,48:20.7,,TRUE,,,,,,,
1274,185.220.101.46,49:14.5,TRUE,TRUE,,,,,,,
1275,162.220.162.10,50:10.0,FALSE,TRUE,,,,,,,
1276,96.66.15.147,51:04.0,FALSE,TRUE,,,,,,,
1277,185.220.102.7,51:57.5,FALSE,TRUE,,,,,,,
1278,82.57.200.125,52:51.2,FALSE,TRUE,,,,,,,
1279,185.100.86.182,53:45.0,FALSE,TRUE,,,,,,,
1280,185.65.205.10,54:38.6,FALSE,TRUE,,,,,,,
1281,103.240.250.194,55:32.4,FALSE,TRUE,,,,,,,
1282,185.220.102.6,56:26.7,FALSE,TRUE,,,,,,,
1283,162.247.74.27,57:21.0,FALSE,TRUE,,,,,,,
1284,95.181.178.182,58:15.7,TRUE,TRUE,,,,,,,
1285,93.115.86.4,59:10.4,TRUE,TRUE,,,,,,,
1286,164.132.51.91,00:05.6,FALSE,TRUE,,,,,,,
1287,185.220.101.22,01:00.2,TRUE,TRUE,,,,,,,
1288,5.196.1.129,01:54.6,FALSE,TRUE,,,,,,,
1289,192.42.116.24,02:48.5,FALSE,TRUE,,,,,,,
1290,85.93.218.204,03:42.9,TRUE,TRUE,,,,,,,
1291,84.201.254.47,04:36.7,FALSE,TRUE,,,,,,,
1292,91.187.115.44,05:30.9,FALSE,TRUE,,,,,,,
1293,95.165.133.22,06:24.9,FALSE,TRUE,,,,,,,
1294,149.202.170.60,07:19.6,FALSE,TRUE,,,,,,,
1295,64.113.32.29,08:13.5,TRUE,TRUE,,,,,,,
1296,185.220.101.3,09:07.4,FALSE,TRUE,,,,,,,
1297,178.175.131.194,10:01.2,FALSE,TRUE,,,,,,,
1298,51.15.82.2,10:54.8,FALSE,TRUE,,,,,,,
1299,79.97.218.93,11:48.5,FALSE,TRUE,,,,,,,
1300,204.152.95.131,12:42.9,FALSE,FALSE,,,,,,,
1301,200.66.84.158,13:36.7,FALSE,TRUE,,,,,,,
1302,171.25.193.77,14:30.3,TRUE,TRUE,,,,,,,
1303,185.220.101.0,15:24.1,TRUE,TRUE,,,,,,,
1304,84.53.192.243,16:18.7,FALSE,TRUE,,,,,,,
1305,198.96.155.3,17:12.7,TRUE,TRUE,,,,,,,
1306,153.149.230.37,18:06.6,FALSE,TRUE,,,,,,,
1307,77.247.181.163,19:01.2,FALSE,TRUE,,,,,,,
1308,105.66.10.9,19:54.8,FALSE,TRUE,,,,,,,
1309,217.170.197.89,20:48.9,TRUE,TRUE,,,,,,,
1310,80.67.172.162,21:43.0,FALSE,TRUE,,,,,,,
1311,192.42.116.18,22:39.5,FALSE,TRUE,,,,,,,
1312,177.136.40.102,23:33.6,FALSE,TRUE,,,,,,,
1313,216.218.222.14,24:27.5,FALSE,TRUE,,,,,,,
1314,185.31.172.234,25:21.9,TRUE,TRUE,,,,,,,
1315,163.172.67.180,26:18.4,FALSE,TRUE,,,,,,,
1316,200.7.243.178,27:12.3,FALSE,TRUE,,,,,,,
1317,115.78.117.95,28:07.3,FALSE,TRUE,,,,,,,
1318,54.149.191.236,29:00.9,FALSE,TRUE,,,,,,,
1319,191.36.224.253,29:55.8,FALSE,TRUE,,,,,,,
1320,61.143.203.70,30:49.5,FALSE,TRUE,,,,,,,
1321,5.187.21.43,31:43.7,FALSE,TRUE,,,,,,,
1322,103.205.15.14,32:37.9,FALSE,FALSE,,,,,,,
1323,103.8.195.34,33:35.1,FALSE,TRUE,,,,,,,
1324,200.35.84.235,34:29.2,FALSE,TRUE,,,,,,,
1325,212.27.42.3,35:22.8,FALSE,TRUE,,,,,,,
1326,91.250.241.241,36:17.0,TRUE,TRUE,,,,,,,
1327,14.161.33.130,37:15.4,FALSE,FALSE,,,,,,,
1328,185.100.87.207,38:09.4,FALSE,TRUE,,,,,,,
1329,153.149.236.40,39:11.0,FALSE,TRUE,,,,,,,
1330,197.254.114.2,40:06.3,FALSE,TRUE,,,,,,,
1331,93.115.86.8,41:00.7,FALSE,TRUE,,,,,,,
1332,138.0.90.131,41:55.1,FALSE,FALSE,,,,,,,
1333,37.139.117.3,42:49.1,FALSE,TRUE,,,,,,,
1334,87.118.122.51,43:42.9,FALSE,TRUE,,,,,,,
1335,186.148.165.25,44:37.0,FALSE,TRUE,,,,,,,
1336,186.121.250.102,45:30.6,FALSE,FALSE,,,,,,,
1337,87.118.115.176,46:25.6,TRUE,TRUE,,,,,,,
1338,185.220.100.253,47:19.2,TRUE,TRUE,,,,,,,
1339,23.129.64.101,48:13.1,FALSE,TRUE,,,,,,,
1340,202.9.109.179,49:07.8,FALSE,FALSE,,,,,,,
1341,185.220.101.34,50:01.9,TRUE,TRUE,,,,,,,
1342,65.19.167.131,50:56.0,FALSE,TRUE,,,,,,,
1343,89.234.157.254,51:49.8,TRUE,TRUE,,,,,,,
1344,199.195.250.77,52:43.5,FALSE,TRUE,,,,,,,
1345,167.99.42.89,53:37.2,FALSE,TRUE,,,,,,,
1346,173.14.173.227,54:31.4,TRUE,TRUE,,,,,,,
1347,65.19.167.132,55:27.7,TRUE,TRUE,,,,,,,
1348,209.126.101.29,56:21.7,FALSE,TRUE,,,,,,,
1349,93.115.86.9,57:16.2,FALSE,TRUE,,,,,,,
1350,153.149.236.30,58:10.0,FALSE,TRUE,,,,,,,
1351,178.63.97.34,59:09.8,FALSE,TRUE,,,,,,,
1352,178.17.170.164,00:05.4,FALSE,TRUE,,,,,,,
1353,171.25.193.20,00:59.8,FALSE,TRUE,,,,,,,
1354,178.17.174.196,01:54.8,FALSE,TRUE,,,,,,,
1355,103.255.6.117,02:52.4,FALSE,TRUE,,,,,,,
1356,35.0.127.52,03:46.8,TRUE,TRUE,,,,,,,
1357,149.202.238.204,04:43.3,FALSE,TRUE,,,,,,,
1358,193.171.202.150,05:37.5,TRUE,TRUE,,,,,,,
1359,144.217.60.239,06:32.9,TRUE,TRUE,,,,,,,
1360,114.237.154.141,07:27.0,,TRUE,,,,,,,
1361,94.142.242.84,08:21.1,TRUE,TRUE,,,,,,,
1362,171.25.193.78,09:15.1,TRUE,TRUE,,,,,,,
1363,79.137.68.85,10:15.1,TRUE,TRUE,,,,,,,
1364,185.129.62.63,11:09.3,TRUE,TRUE,,,,,,,
1365,87.118.92.43,12:03.5,FALSE,TRUE,,,,,,,
1366,185.220.101.30,12:57.3,TRUE,TRUE,,,,,,,
1367,210.57.215.142,13:56.4,FALSE,TRUE,,,,,,,
1368,103.88.232.78,14:50.5,FALSE,TRUE,,,,,,,
1369,51.15.34.214,15:44.5,FALSE,TRUE,,,,,,,
1370,216.218.222.12,16:39.2,TRUE,TRUE,,,,,,,
1371,137.74.169.241,17:37.3,FALSE,TRUE,,,,,,,
1372,51.15.72.211,18:30.9,FALSE,TRUE,,,,,,,
1373,185.220.100.252,19:26.0,TRUE,TRUE,,,,,,,
1374,204.17.56.42,20:20.7,TRUE,TRUE,,,,,,,
1375,37.187.129.166,21:18.7,TRUE,TRUE,,,,,,,
1376,188.165.235.21,22:13.8,FALSE,TRUE,,,,,,,
1377,171.25.193.25,23:07.7,TRUE,TRUE,,,,,,,
1378,195.254.134.194,24:01.3,FALSE,TRUE,,,,,,,
1379,185.220.101.21,24:55.9,TRUE,TRUE,,,,,,,
1380,179.43.146.230,25:50.3,FALSE,TRUE,,,,,,,
1381,78.107.237.16,26:45.6,FALSE,TRUE,,,,,,,
1382,109.195.85.122,27:39.9,FALSE,FALSE,,,,,,,
1383,217.170.197.83,28:34.7,TRUE,TRUE,,,,,,,
1384,84.19.181.25,29:28.3,FALSE,TRUE,,,,,,,
1385,185.107.47.215,30:23.2,FALSE,TRUE,,,,,,,
1386,153.149.236.27,31:18.7,FALSE,TRUE,,,,,,,
1387,46.165.230.5,32:12.7,FALSE,TRUE,,,,,,,
1388,89.144.12.17,33:06.6,FALSE,TRUE,,,,,,,
1389,197.231.221.211,34:00.5,TRUE,TRUE,,,,,,,
1390,171.25.193.235,34:54.7,TRUE,TRUE,,,,,,,
1391,85.248.227.164,35:53.1,FALSE,TRUE,,,,,,,
1392,89.31.57.5,36:46.8,FALSE,TRUE,,,,,,,
1393,94.102.51.78,37:40.3,FALSE,TRUE,,,,,,,
1394,103.71.40.30,38:34.6,FALSE,TRUE,,,,,,,
1395,185.220.101.15,39:31.3,TRUE,TRUE,,,,,,,
1396,185.100.87.206,40:25.9,FALSE,TRUE,,,,,,,
1397,117.92.165.88,41:20.1,,FALSE,,,,,,,
1398,54.36.222.37,42:14.8,FALSE,TRUE,,,,,,,
1399,176.31.208.193,43:11.1,FALSE,TRUE,,,,,,,
1400,162.247.74.202,44:06.0,FALSE,TRUE,,,,,,,
1401,184.105.220.24,44:59.9,TRUE,TRUE,,,,,,,
1402,109.69.67.17,45:53.9,FALSE,TRUE,,,,,,,
1403,37.139.8.104,46:50.0,FALSE,TRUE,,,,,,,
1404,185.220.101.9,47:44.7,FALSE,TRUE,,,,,,,
1405,185.220.101.45,48:38.9,FALSE,TRUE,,,,,,,
1406,176.10.104.240,49:33.5,TRUE,TRUE,,,,,,,
1407,153.149.230.41,50:28.0,FALSE,TRUE,,,,,,,
1408,185.220.101.20,51:21.5,FALSE,TRUE,,,,,,,
1409,69.171.232.133,52:15.2,FALSE,TRUE,,,,,,,
1410,176.31.45.3,53:09.0,FALSE,TRUE,,,,,,,
1411,186.24.34.10,54:08.1,FALSE,FALSE,,,,,,,
1412,51.15.37.97,55:03.5,FALSE,TRUE,,,,,,,
1413,163.172.132.199,55:57.8,FALSE,TRUE,,,,,,,
1414,178.32.147.150,56:51.6,FALSE,TRUE,,,,,,,
1415,77.247.181.165,57:47.9,FALSE,TRUE,,,,,,,
1416,31.31.74.131,58:41.7,FALSE,TRUE,,,,,,,
1417,185.220.102.8,59:36.1,FALSE,TRUE,,,,,,,
1418,185.220.101.13,00:29.8,TRUE,TRUE,,,,,,,
1419,207.244.70.35,01:26.0,FALSE,TRUE,,,,,,,
1420,176.10.99.200,02:19.6,FALSE,TRUE,,,,,,,
1421,54.149.191.238,03:13.2,FALSE,TRUE,,,,,,,
1422,212.15.24.2,04:07.0,FALSE,TRUE,,,,,,,
1423,190.255.52.244,05:04.4,FALSE,FALSE,,,,,,,
1424,105.66.10.10,05:59.4,FALSE,TRUE,,,,,,,
1425,109.121.162.15,06:54.0,FALSE,FALSE,,,,,,,
1426,195.176.3.20,07:47.9,FALSE,TRUE,,,,,,,
1427,118.200.151.91,08:42.7,FALSE,TRUE,,,,,,,
1428,91.140.148.2,09:36.4,FALSE,TRUE,,,,,,,
1429,185.117.215.9,10:30.0,FALSE,TRUE,,,,,,,
1430,94.230.208.147,11:23.8,FALSE,TRUE,,,,,,,
1431,198.98.61.36,12:20.4,FALSE,TRUE,,,,,,,
1432,51.15.233.253,13:14.3,FALSE,TRUE,,,,,,,
1433,85.248.227.165,14:08.5,FALSE,TRUE,,,,,,,
1434,87.118.116.12,15:03.5,FALSE,TRUE,,,,,,,
1435,185.220.102.4,15:58.6,FALSE,TRUE,,,,,,,
1436,158.69.201.47,16:52.7,TRUE,TRUE,,,,,,,
1437,51.15.53.83,17:47.0,TRUE,TRUE,,,,,,,
1438,93.174.93.133,18:41.6,TRUE,TRUE,,,,,,,
1439,153.149.236.25,19:37.9,FALSE,TRUE,,,,,,,
1440,178.175.135.100,20:31.8,FALSE,TRUE,,,,,,,
1441,14.161.46.129,21:25.9,FALSE,FALSE,,,,,,,
1442,65.19.167.130,22:20.2,FALSE,TRUE,,,,,,,
1443,78.187.200.29,23:17.7,FALSE,TRUE,,,,,,,
1444,80.127.116.96,24:11.3,FALSE,TRUE,,,,,,,
1445,185.220.101.28,25:06.6,TRUE,TRUE,,,,,,,
1446,185.104.120.4,26:00.3,TRUE,TRUE,,,,,,,
1447,185.220.101.32,26:57.5,FALSE,TRUE,,,,,,,
1448,89.187.143.31,27:51.6,FALSE,TRUE,,,,,,,
1449,195.176.3.19,28:46.0,FALSE,TRUE,,,,,,,
1450,193.107.85.56,29:39.7,FALSE,TRUE,,,,,,,
1451,177.87.201.4,30:37.9,FALSE,TRUE,,,,,,,
1452,185.165.168.229,31:32.1,TRUE,TRUE,,,,,,,
1453,178.20.55.18,32:25.7,FALSE,TRUE,,,,,,,
1454,51.15.57.167,33:19.5,FALSE,TRUE,,,,,,,
1455,212.0.113.140,34:19.3,FALSE,FALSE,,,,,,,
1456,51.15.205.214,35:13.2,FALSE,TRUE,,,,,,,
1457,192.42.116.16,36:07.4,TRUE,TRUE,,,,,,,
1458,210.227.65.226,37:02.0,FALSE,FALSE,,,,,,,
1459,163.172.151.47,37:57.0,FALSE,TRUE,,,,,,,
1460,199.249.223.71,38:50.8,TRUE,TRUE,,,,,,,
1461,185.107.47.171,39:44.9,FALSE,TRUE,,,,,,,
1462,5.196.66.162,40:38.7,FALSE,TRUE,,,,,,,
1463,95.128.43.164,41:35.8,FALSE,TRUE,,,,,,,
1464,58.82.158.66,42:29.6,FALSE,TRUE,,,,,,,
1465,185.220.101.6,43:23.5,TRUE,TRUE,,,,,,,
1466,154.121.6.139,44:17.3,FALSE,FALSE,,,,,,,
1467,54.149.191.242,45:15.0,FALSE,TRUE,,,,,,,
1468,62.210.129.246,46:10.0,FALSE,TRUE,,,,,,,
1469,46.29.248.238,47:03.9,FALSE,TRUE,,,,,,,
1470,185.220.101.1,47:57.7,TRUE,TRUE,,,,,,,
1471,199.127.226.150,48:56.0,FALSE,TRUE,,,,,,,
1472,89.108.158.114,49:49.9,FALSE,TRUE,,,,,,,
1473,185.220.101.27,50:44.0,TRUE,TRUE,,,,,,,
1474,103.75.180.242,51:38.6,,FALSE,,,,,,,
1475,140.250.97.85,52:34.9,,FALSE,,,,,,,
1476,46.227.162.98,53:29.4,,FALSE,,,,,,,
1477,202.57.49.42,54:23.5,TRUE,FALSE,,,,,,,
1478,109.74.138.206,55:17.8,,TRUE,,,,,,,
1479,31.50.157.203,56:13.1,,FALSE,,,,,,,
1480,109.74.61.104,57:07.2,,TRUE,,,,,,,
1481,118.175.93.88,58:01.1,FALSE,TRUE,,,,,,,
1482,61.113.193.98,58:54.7,,FALSE,,,,,,,
1483,108.61.82.23,59:51.9,FALSE,TRUE,,,,,,,
1484,193.165.239.125,00:46.7,,TRUE,,,,,,,
1485,176.65.96.224,01:40.9,,TRUE,,,,,,,
1486,81.163.35.33,02:35.2,FALSE,TRUE,,,,,,,
1487,54.36.149.1,03:31.2,TRUE,TRUE,,,,,,,
1488,191.17.227.171,04:24.8,,FALSE,,,,,,,
1489,113.53.29.92,05:19.1,FALSE,FALSE,,,,,,,
1490,188.92.242.180,06:13.6,,TRUE,,,,,,,
1491,143.202.226.131,07:09.6,,FALSE,,,,,,,
1492,113.105.202.69,08:03.7,FALSE,FALSE,,,,,,,
1493,103.226.143.82,08:57.9,FALSE,FALSE,,,,,,,
1494,123.255.204.66,09:51.5,FALSE,FALSE,,,,,,,
1495,77.104.232.17,10:48.3,,TRUE,,,,,,,
1496,54.36.149.57,11:42.4,FALSE,TRUE,,,,,,,
1497,89.208.30.121,12:36.3,,TRUE,,,,,,,
1498,158.58.135.183,13:30.1,,TRUE,,,,,,,
1499,168.205.87.202,14:28.2,FALSE,TRUE,,,,,,,
1500,66.70.179.31,15:22.1,,FALSE,,,,,,,
1501,177.39.187.70,16:16.3,,FALSE,,,,,,,
1502,188.170.219.190,17:10.1,,TRUE,,,,,,,
1503,82.117.198.150,18:07.8,,TRUE,,,,,,,
1504,104.223.67.187,19:01.4,,FALSE,,,,,,,
1505,176.63.38.24,19:55.5,,TRUE,,,,,,,
1506,185.206.80.35,20:49.2,,FALSE,,,,,,,
1507,124.41.240.173,21:46.7,FALSE,TRUE,,,,,,,
1508,190.85.112.22,22:40.9,,TRUE,,,,,,,
1509,115.79.59.118,23:36.2,FALSE,FALSE,,,,,,,
1510,103.10.59.37,24:30.4,,TRUE,,,,,,,
1511,113.128.132.214,25:24.3,FALSE,TRUE,,,,,,,
1512,139.5.71.31,26:18.2,,FALSE,,,,,,,
1513,177.126.81.63,27:12.3,FALSE,TRUE,,,,,,,
1514,110.87.250.200,28:06.1,,TRUE,,,,,,,
1515,5.9.6.51,29:01.3,TRUE,FALSE,,,,,,,
1516,179.27.50.102,29:55.3,,FALSE,,,,,,,
1517,187.76.190.74,30:54.2,FALSE,TRUE,,,,,,,
1518,104.195.14.178,31:55.0,FALSE,FALSE,,,,,,,
1519,54.36.148.58,32:49.1,FALSE,TRUE,,,,,,,
1520,190.213.95.107,33:43.0,,FALSE,,,,,,,
1521,54.36.149.90,34:37.5,FALSE,TRUE,,,,,,,
1522,79.138.99.254,35:31.3,FALSE,TRUE,,,,,,,
1523,142.44.242.57,36:30.2,,TRUE,,,,,,,
1524,148.64.56.71,37:24.0,FALSE,FALSE,,,,,,,
1525,89.216.49.25,38:18.4,,TRUE,,,,,,,
1526,171.241.147.112,39:12.2,,FALSE,,,,,,,
1527,54.92.193.89,40:07.7,,FALSE,,,,,,,
1528,96.9.90.83,41:01.4,,FALSE,,,,,,,
1529,91.242.162.18,41:55.2,FALSE,FALSE,,,,,,,
1530,103.233.103.237,42:49.6,FALSE,TRUE,,,,,,,
1531,182.253.40.135,43:43.2,FALSE,FALSE,,,,,,,
1532,82.160.175.217,44:39.6,,TRUE,,,,,,,
1533,27.156.139.239,45:33.6,,FALSE,,,,,,,
1534,181.143.32.189,46:27.7,FALSE,TRUE,,,,,,,
1535,111.206.221.48,47:21.5,FALSE,FALSE,,,,,,,
1536,202.27.212.17,48:15.4,,FALSE,,,,,,,
1537,171.242.177.41,49:09.7,,TRUE,,,,,,,
1538,89.109.33.36,50:05.8,FALSE,TRUE,,,,,,,
1539,188.165.196.25,49:49.4,FALSE,TRUE,,,,,,,
1540,103.87.207.226,50:43.4,,TRUE,,,,,,,
1541,45.6.37.27,51:38.6,,TRUE,,,,,,,
1542,103.217.177.141,52:32.1,FALSE,FALSE,,,,,,,
1543,197.245.94.57,53:26.8,,FALSE,,,,,,,
1544,170.82.52.196,54:21.2,FALSE,TRUE,,,,,,,
1545,178.74.199.124,55:15.6,,TRUE,,,,,,,
1546,113.123.45.134,56:09.2,FALSE,TRUE,,,,,,,
1547,218.28.220.122,57:05.4,FALSE,FALSE,,,,,,,
1548,54.36.148.239,58:00.0,TRUE,TRUE,,,,,,,
1549,5.2.230.40,58:54.2,FALSE,TRUE,,,,,,,
1550,112.18.154.21,59:48.4,,FALSE,,,,,,,
1551,114.239.251.200,00:44.3,FALSE,FALSE,,,,,,,
1552,156.233.25.69,01:39.4,,TRUE,,,,,,,
1553,106.110.218.84,02:33.2,,FALSE,,,,,,,
1554,182.253.130.95,03:27.4,FALSE,FALSE,,,,,,,
1555,54.36.148.34,04:23.9,FALSE,FALSE,,,,,,,
1556,122.7.247.147,05:19.1,FALSE,TRUE,,,,,,,
1557,168.253.114.114,06:14.0,TRUE,TRUE,,,,,,,
1558,49.70.48.23,07:09.5,,FALSE,,,,,,,
1559,187.87.0.5,08:03.9,FALSE,TRUE,,,,,,,
1560,209.197.30.136,08:57.9,FALSE,TRUE,,,,,,,
1561,54.36.148.209,09:51.8,TRUE,TRUE,,,,,,,
1562,45.4.158.100,10:46.1,,TRUE,,,,,,,
1563,212.36.202.98,11:40.2,,TRUE,,,,,,,
1564,213.131.47.194,12:34.2,FALSE,TRUE,,,,,,,
1565,114.226.128.205,13:28.5,FALSE,FALSE,,,,,,,
1566,36.67.11.41,14:22.9,,TRUE,,,,,,,
1567,46.188.34.190,15:21.3,,TRUE,,,,,,,
1568,174.127.155.118,16:15.6,FALSE,TRUE,,,,,,,
1569,217.112.168.148,17:09.8,FALSE,TRUE,,,,,,,
1570,186.235.193.52,18:03.5,,FALSE,,,,,,,
1571,5.196.87.9,18:58.9,FALSE,TRUE,,,,,,,
1572,95.134.194.58,19:53.8,,TRUE,,,,,,,
1573,103.85.67.94,20:49.6,FALSE,TRUE,,,,,,,
1574,73.34.52.177,21:44.0,,FALSE,,,,,,,
1575,62.217.133.212,22:37.9,FALSE,TRUE,,,,,,,
1576,151.80.39.115,23:31.4,FALSE,TRUE,,,,,,,
1577,183.198.234.174,24:25.2,,FALSE,,,,,,,
1578,109.106.196.10,25:19.6,FALSE,TRUE,,,,,,,
1579,107.182.108.162,26:14.2,,TRUE,,,,,,,
1580,202.169.246.30,27:08.6,FALSE,TRUE,,,,,,,
1581,177.8.160.98,28:02.8,FALSE,TRUE,,,,,,,
1582,93.185.142.130,28:56.6,FALSE,FALSE,,,,,,,
1583,138.36.1.237,29:51.8,FALSE,TRUE,,,,,,,
1584,144.0.70.241,30:46.1,,FALSE,,,,,,,
1585,106.38.241.172,31:40.2,,FALSE,,,,,,,
1586,81.25.51.104,32:36.1,,FALSE,,,,,,,
